Year,Open,High,Low,Close,Day
2025.991781,88.01,88.47,87.25,87.46,1820
2025.989041,88.54,88.59,87.74,88.01,1819
2025.986301,88.54,88.59,87.74,88.01,1818
2025.983562,88.54,88.59,87.74,88.01,1817
2025.980822,88.54,88.59,87.74,88.01,1816
2025.978082,88.54,88.59,87.74,88.01,1815
2025.975342,87.48,88.88,87.48,88.54,1814
2025.972603,87.05,87.95,86.71,87.48,1813
2025.969863,86.48,87.29,86.08,87.05,1812
2025.967123,86.48,87.29,86.08,87.05,1811
2025.964384,86.48,87.29,86.08,87.05,1810
2025.961644,86.8,87.14,85.56,86.48,1809
2025.958904,87.36,88.49,86.45,86.8,1808
2025.956164,87.28,87.98,86.95,87.36,1807
2025.953425,83.79,85.51,83.67,85,1806
2025.950685,83.9,84.4,83.4,83.79,1805
2025.947945,83.9,84.4,83.4,83.79,1804
2025.945205,83.9,84.4,83.4,83.79,1803
2025.942466,82.42,84.4,82.72,83.9,1802
2025.939726,82.85,82.9,81.92,82.42,1801
2025.936986,81.98,82.95,81.88,82.85,1800
2025.934247,81.98,82.58,81.66,81.98,1799
2025.931507,82.43,82.74,81.61,81.98,1798
2025.928767,82.43,82.74,81.61,81.98,1797
2025.926027,82.43,82.74,81.61,81.98,1796
2025.923288,81.79,82.68,81.28,82.43,1795
2025.920548,81.82,82.36,81.22,81.79,1794
2025.917808,82.64,82.56,81.51,81.82,1793
2025.915068,83.26,83.37,82.53,82.64,1792
2025.912329,82.21,83.32,82.26,83.26,1791
2025.906849,82.21,83.32,82.26,83.26,1789
2025.90411,81.68,82.52,81.01,82.21,1788
2025.90137,81.87,82.34,81.3,81.68,1787
2025.89863,80.61,82.2,80.49,81.87,1786
2025.89589,80.41,80.9,79.57,80.61,1785
2025.893151,81.36,81,80.04,80.41,1784
2025.890411,81.36,81,80.04,80.41,1783
2025.887671,81.36,81,80.04,80.41,1782
2025.884932,80.66,81.89,80.66,81.36,1781
2025.882192,81.22,81.59,80.2,80.66,1780
2025.879452,79.92,81.45,79.52,81.22,1779
2025.876712,80.93,81.45,79.78,79.92,1778
2025.873973,81.34,81.75,80.44,80.93,1777
2025.871233,81.34,81.75,80.44,80.93,1776
2025.868493,81.34,81.75,80.44,80.93,1775
2025.865753,81.91,82.79,80.92,81.34,1774
2025.863014,80.65,82.37,80.79,81.91,1773
2025.860274,79.96,80.9,79.5,80.65,1772
2025.857534,79.47,80.35,78.91,79.96,1771
2025.854795,80.17,80.68,79.42,79.47,1770
2025.852055,80.17,80.68,79.42,79.47,1769
2025.849315,80.17,80.68,79.42,79.47,1768
2025.846575,81.49,81.24,80.12,80.17,1767
2025.843836,82.31,82.23,80.89,81.49,1766
2025.841096,81.2,82.41,81.06,82.31,1765
2025.838356,78.54,81.75,78.78,81.2,1764
2025.835616,78.67,79.13,78.01,78.54,1763
2025.832877,78.67,79.13,78.01,78.54,1762
2025.830137,78.67,79.13,78.01,78.54,1761
2025.827397,78.81,79.54,78.54,78.67,1760
2025.824658,78.32,79.13,78.18,78.81,1759
2025.821918,77.77,78.88,77.5,78.32,1758
2025.819178,78.32,78.3,77.01,77.77,1757
2025.816438,78.46,79.19,78.02,78.44,1756
2025.808219,78.46,79.19,78.02,78.44,1753
2025.805479,79.82,79.99,78.92,79.58,1752
2025.80274,79.82,79.99,78.92,79.58,1751
2025.8,79.46,79.96,78.65,79.82,1750
2025.79726,79.51,79.9,78.12,79.46,1749
2025.794521,79.51,79.9,78.12,79.46,1748
2025.791781,79.51,79.9,78.12,79.46,1747
2025.789041,77.88,79.69,77.61,79.51,1746
2025.786301,76.92,78.3,76.68,77.88,1745
2025.783562,78.12,77.9,76.69,76.92,1744
2025.780822,79.68,79.74,77.76,78.12,1743
2025.778082,79.23,80.37,79.01,79.68,1742
2025.775342,79.23,80.37,79.01,79.68,1741
2025.772603,79.23,80.37,79.01,79.68,1740
2025.769863,79.01,79.54,78.04,79.23,1739
2025.767123,78.31,79.29,77.9,79.01,1738
2025.764384,78.75,79.13,78,78.31,1737
2025.761644,79.16,80.11,78.61,78.75,1736
2025.758904,77.43,79.55,77.52,79.16,1735
2025.756164,77.43,79.55,77.52,79.16,1734
2025.753425,77.43,79.55,77.52,79.16,1733
2025.750685,76.33,77.8,76.11,77.43,1732
2025.747945,76.79,76.8,75.57,75.72,1731
2025.745205,76.79,76.8,75.57,75.72,1730
2025.742466,75.98,76.97,75.06,76.79,1729
2025.739726,75.76,76.1,75.1,75.98,1728
2025.736986,75.76,76.1,75.1,75.98,1727
2025.734247,75.76,76.1,75.1,75.98,1726
2025.731507,76.02,76.59,75.36,75.76,1725
2025.728767,76.79,76.78,75.77,76.02,1724
2025.726027,76.21,77.25,75.77,76.79,1723
2025.723288,77.55,77.69,75.91,76.21,1722
2025.720548,77.84,77.75,77.01,77.55,1721
2025.717808,77.84,77.75,77.01,77.55,1720
2025.715068,77.84,77.75,77.01,77.55,1719
2025.712329,76.98,78.23,76.83,77.84,1718
2025.709589,77.51,78.45,76.69,76.98,1717
2025.706849,76.75,78.26,76.49,77.51,1716
2025.70411,75.77,77.06,75.11,76.75,1715
2025.70137,75.54,76.03,75.1,75.77,1714
2025.69863,75.54,76.03,75.1,75.77,1713
2025.69589,75.54,76.03,75.1,75.77,1712
2025.693151,77.1,77.3,75.3,75.54,1711
2025.690411,76.9,77.58,76.25,77.1,1710
2025.687671,77.17,77.23,76,76.9,1709
2025.684932,76.04,77.32,75.5,77.17,1708
2025.682192,75.44,76.25,75.29,76.04,1707
2025.679452,75.44,76.25,75.29,76.04,1706
2025.676712,75.44,76.25,75.29,76.04,1705
2025.673973,74.95,75.71,74.58,75.44,1704
2025.671233,73.61,75.05,73.42,74.95,1703
2025.668493,73.97,74.44,73.36,73.61,1702
2025.665753,72.99,74.55,72.78,73.97,1701
2025.663014,71.72,73.05,71.6,72.99,1700
2025.660274,71.72,73.05,71.6,72.99,1699
2025.657534,71.72,73.05,71.6,72.99,1698
2025.654795,72.24,72.34,71.31,71.72,1697
2025.652055,72.75,73.3,71.93,72.24,1696
2025.649315,72.19,72.98,71.58,72.75,1695
2025.646575,72.53,72.6,71.82,72.19,1694
2025.643836,72.62,72.8,72.26,72.53,1693
2025.641096,72.62,72.8,72.26,72.53,1692
2025.638356,72.62,72.8,72.26,72.53,1691
2025.635616,71.29,72.76,71.06,72.62,1690
2025.632877,71.16,71.54,70.65,71.29,1689
2025.630137,71.82,72.08,71.03,71.16,1688
2025.627397,70.68,71.99,70.3,71.82,1687
2025.624658,70.96,71.31,70.28,70.68,1686
2025.621918,70.96,71.31,70.28,70.68,1685
2025.619178,70.96,71.31,70.28,70.68,1684
2025.616438,71.74,71.88,70.57,70.96,1683
2025.613699,71.5,72.15,71.26,71.74,1682
2025.605479,71.77,73.35,71.8,73.21,1679
2025.60274,71.77,73.35,71.8,73.21,1678
2025.59726,70.99,72.01,70.3,71.77,1676
2025.594521,70.85,71.74,70.5,71.59,1675
2025.591781,71.04,71.33,70.15,70.85,1674
2025.589041,72.66,72.43,71,71.04,1673
2025.586301,72.66,72.43,71,71.04,1672
2025.583562,72.66,72.43,71,71.04,1671
2025.580822,72.86,73.07,72.22,72.66,1670
2025.578082,73.08,73.35,72.52,72.86,1669
2025.575342,73.08,73.35,72.52,72.86,1668
2025.572603,71.34,72.25,70.06,70.65,1667
2025.569863,70.88,71.5,70.64,71.34,1666
2025.567123,70.88,71.5,70.64,71.34,1665
2025.558904,69.36,71.18,69.23,70.88,1662
2025.556164,69.83,69.91,68.86,69.11,1661
2025.553425,69.89,70.55,69.72,69.83,1660
2025.550685,70.55,71.03,69.84,69.89,1659
2025.547945,70.55,71.03,69.84,69.89,1658
2025.542466,71.31,71.39,70.32,70.55,1656
2025.539726,71.31,71.39,70.32,70.55,1655
2025.536986,70.42,71.65,69.99,71.51,1654
2025.534247,70.42,71.65,69.99,71.51,1653
2025.531507,70.74,71,69.64,70.55,1652
2025.528767,70.74,71,69.64,70.55,1651
2025.526027,70.74,71,69.64,70.55,1650
2025.523288,70.74,71,69.64,70.55,1649
2025.520548,70.39,71.55,70.31,70.74,1648
2025.517808,70.42,71.08,69.89,70.39,1647
2025.515068,71.2,71.46,70.28,70.42,1646
2025.512329,71.67,71.99,70.62,71.2,1645
2025.509589,72.06,72.32,71.25,71.67,1644
2025.506849,72.06,72.32,71.25,71.67,1643
2025.50411,72.06,72.32,71.25,71.67,1642
2025.50137,71.93,72.79,71.06,72.06,1641
2025.49863,70.58,72.29,70.55,71.93,1640
2025.49589,70.96,71.08,68.71,68.97,1639
2025.493151,70.96,71.08,68.71,68.97,1638
2025.490411,70.4,71.14,70.11,70.96,1637
2025.487671,70.4,71.14,70.11,70.96,1636
2025.484932,70.4,71.14,70.11,70.96,1635
2025.482192,71.15,71.5,70.26,70.4,1634
2025.479452,73.54,73.4,70.96,71.15,1633
2025.476712,73.27,74.57,72.6,73.54,1632
2025.473973,72.97,73.5,72.43,73.27,1631
2025.471233,72.74,73.37,72.08,72.97,1630
2025.468493,72.74,73.37,72.08,72.97,1629
2025.465753,72.74,73.37,72.08,72.97,1628
2025.463014,74.61,75.03,71.73,72.74,1627
2025.460274,74.64,75.26,74.19,74.61,1626
2025.457534,75.34,75.66,74.16,74.64,1625
2025.454795,75.94,76.47,74.69,75.34,1624
2025.452055,75.39,76.75,75.58,75.94,1623
2025.449315,75.39,76.75,75.58,75.94,1622
2025.446575,75.39,76.75,75.58,75.94,1621
2025.443836,74.36,75.8,73.32,75.39,1620
2025.441096,72.66,74.95,72.78,74.36,1619
2025.438356,74.23,74.28,72.31,72.66,1618
2025.435616,73.5,74.94,73.24,74.23,1617
2025.432877,72.74,73.95,72.57,73.5,1616
2025.430137,72.74,73.95,72.57,73.5,1615
2025.427397,72.74,73.95,72.57,73.5,1614
2025.424658,72.61,74.04,72.32,72.74,1613
2025.421918,72.6,73.57,72.22,72.61,1612
2025.419178,70.91,72.86,70.68,72.6,1611
2025.416438,70.41,72.14,70.01,70.91,1610
2025.413699,70.94,71.69,70.13,70.41,1609
2025.410959,70.94,71.69,70.13,70.41,1608
2025.408219,70.94,71.69,70.13,70.41,1607
2025.405479,72.07,73.48,70.65,70.94,1606
2025.40274,71.76,72.65,70.77,72.07,1605
2025.4,73.03,73.09,70.8,71.76,1604
2025.39726,71.56,73.37,72,73.03,1603
2025.394521,72.15,73,70,71.56,1602
2025.391781,72.15,73,70,71.56,1601
2025.389041,72.15,73,70,71.56,1600
2025.386301,72.74,73.63,71.75,72.15,1599
2025.383562,73.18,73.87,72.3,72.74,1598
2025.380822,70.42,73.51,69.73,73.18,1597
2025.378082,70.99,72.46,69.6,70.42,1596
2025.375342,73.41,75.02,70.81,70.99,1595
2025.372603,73.41,75.02,70.81,70.99,1594
2025.369863,73.41,75.02,70.81,70.99,1593
2025.367123,72.33,73.7,71.2,73.41,1592
2025.364384,72.9,73.63,71.55,72.33,1591
2025.361644,73.41,73.82,71.9,72.9,1590
2025.358904,70.39,73.63,70.52,73.41,1589
2025.356164,70.72,71.49,69.82,70.39,1588
2025.353425,70.72,71.49,69.82,70.39,1587
2025.350685,70.72,71.49,69.82,70.39,1586
2025.347945,71.06,71.76,70.4,70.72,1585
2025.345205,69.27,71.4,69.05,71.06,1584
2025.342466,67.47,69.68,67.45,69.27,1583
2025.339726,68.76,68.73,66.7,67.47,1582
2025.336986,67.02,69.27,66.78,68.76,1581
2025.334247,67.02,69.27,66.78,68.76,1580
2025.331507,67.02,69.27,66.78,68.76,1579
2025.328767,66.55,67.35,66.24,67.02,1578
2025.326027,64.85,66.9,64.52,66.55,1577
2025.323288,65.31,65.4,64.14,64.85,1576
2025.320548,66.43,66.37,64.72,65.31,1575
2025.317808,66.31,67.63,66.24,66.43,1574
2025.315068,66.31,67.63,66.24,66.43,1573
2025.312329,66.31,67.63,66.24,66.43,1572
2025.309589,66.9,66.69,64.75,66.31,1571
2025.306849,64.39,67.3,64.8,66.9,1570
2025.30411,66.97,67.37,65.47,65.89,1569
2025.30137,66.97,67.37,65.47,65.89,1568
2025.29863,66.97,67.37,65.47,65.89,1567
2025.29589,66.97,67.37,65.47,65.89,1566
2025.293151,66.97,67.37,65.47,65.89,1565
2025.290411,66.97,67.37,65.47,65.89,1564
2025.287671,66.19,67.64,65.52,66.97,1563
2025.284932,66.51,67.95,65.75,66.19,1562
2025.282192,64.82,67.33,65.15,66.51,1561
2025.279452,62.12,65.33,61.78,64.82,1560
2025.276712,62.12,65.33,61.78,64.82,1559
2025.273973,62.12,65.33,61.78,64.82,1558
2025.271233,60.94,65.26,61.68,62.12,1557
2025.268493,62.06,61.67,60.07,60.94,1556
2025.265753,62.84,63.57,60.84,62.06,1555
2025.263014,63.82,65.24,60.26,62.84,1554
2025.260274,66.06,66.26,62.69,63.82,1553
2025.257534,66.06,66.26,62.69,63.82,1552
2025.254795,66.06,66.26,62.69,63.82,1551
2025.252055,68.55,67.48,65.63,66.06,1550
2025.249315,69.86,70.35,68.16,68.55,1549
2025.246575,68.8,69.18,67.08,67.98,1548
2025.243836,68.8,69.18,67.08,67.98,1547
2025.241096,68.54,69.38,67.95,68.8,1546
2025.238356,68.54,69.38,67.95,68.8,1545
2025.235616,68.54,69.38,67.95,68.8,1544
2025.232877,70.83,70.58,68.08,68.54,1543
2025.230137,70.46,71.8,69.88,70.83,1542
2025.227397,71.52,71.6,70.21,70.46,1541
2025.224658,71.45,71.94,70.75,71.52,1540
2025.221918,73.01,74.16,71.23,71.45,1539
2025.219178,73.01,74.16,71.23,71.45,1538
2025.216438,73.01,74.16,71.23,71.45,1537
2025.213699,73.44,74.19,72.8,73.01,1536
2025.210959,71.3,74.23,71.5,73.44,1535
2025.208219,70.11,71.75,69.82,71.3,1534
2025.205479,70.99,70.99,69.59,70.11,1533
2025.20274,70.6,71.75,69.37,70.99,1532
2025.2,70.6,71.75,69.37,70.99,1531
2025.19726,70.6,71.75,69.37,70.99,1530
2025.194521,69.62,71.82,68.54,70.6,1529
2025.191781,68.24,69.81,67.27,69.62,1528
2025.189041,69.01,69.71,67.42,68.24,1527
2025.186301,68.63,70.28,67.65,69.01,1526
2025.183562,67.32,69.45,66.78,68.63,1525
2025.180822,67.32,69.45,66.78,68.63,1524
2025.178082,67.32,69.45,66.78,68.63,1523
2025.175342,68.79,69.12,66.84,67.32,1522
2025.172603,68.5,69.55,68.07,68.79,1521
2025.169863,71.55,71.66,67.7,68.5,1520
2025.167123,71,72.87,71.28,71.55,1519
2025.164384,72.78,73.69,70.76,71,1518
2025.158904,72.78,73.69,70.76,71,1516
2025.156164,71.02,73.53,71,72.78,1515
2025.153425,71.75,72.58,70.69,71.02,1514
2025.150685,73.66,74,71.15,71.75,1513
2025.147945,73.9,74.99,72.16,73.66,1512
2025.145205,72.67,74.9,72.41,73.9,1511
2025.142466,72.67,74.9,72.41,73.9,1510
2025.139726,72.67,74.9,72.41,73.9,1509
2025.136986,75.74,76.26,73.53,74.02,1508
2025.134247,75.74,76.26,73.53,74.02,1507
2025.131507,77.21,77.4,74.63,75.74,1506
2025.128767,79.75,79.88,76.8,77.21,1505
2025.126027,78.05,79.93,77.25,79.75,1504
2025.123288,78.05,79.93,77.25,79.75,1503
2025.120548,78.05,79.93,77.25,79.75,1502
2025.117808,80.29,80.49,77.79,78.05,1501
2025.115068,82.59,82.12,80.05,80.29,1500
2025.112329,82.94,84.17,81.62,82.59,1499
2025.109589,82.28,84.25,82.7,82.94,1498
2025.106849,81.93,82.65,81.11,82.28,1497
2025.10411,81.93,82.65,81.11,82.28,1496
2025.10137,81.93,82.65,81.11,82.28,1495
2025.09863,81.12,83,80.94,81.93,1494
2025.09589,80.88,82.66,79.77,81.12,1493
2025.093151,80.96,81.9,79.48,80.88,1492
2025.090411,83.93,84.22,80.1,80.96,1491
2025.087671,82.66,84.44,82.67,83.93,1490
2025.084932,82.66,84.44,82.67,83.93,1489
2025.082192,82.66,84.44,82.67,83.93,1488
2025.079452,82.95,84.5,82.25,82.66,1487
2025.076712,80.26,83.8,80.8,82.95,1486
2025.073973,79.36,80.8,78.3,80.26,1485
2025.071233,81.67,81.58,79,79.36,1484
2025.068493,80.76,81.73,79.88,81.67,1483
2025.065753,80.76,81.73,79.88,81.67,1482
2025.063014,80.76,81.73,79.88,81.67,1481
2025.060274,78.94,82,78.98,80.76,1480
2025.057534,80.27,79.95,78.48,78.94,1479
2025.054795,79.99,80.42,77.9,80.27,1478
2025.052055,79.26,80.5,78.45,79.99,1477
2025.049315,78.33,80.5,77.8,79.26,1476
2025.046575,78.33,80.5,77.8,79.26,1475
2025.043836,78.33,80.5,77.8,79.26,1474
2025.041096,77.98,78.75,77.25,78.33,1473
2025.038356,76.96,78.95,77.2,77.98,1472
2025.035616,76.92,77.25,75.75,76.96,1471
2025.032877,74.85,77.23,75.4,76.92,1470
2025.030137,73.46,75.18,72.33,74.85,1469
2025.027397,73.46,75.18,72.33,74.85,1468
2025.024658,73.46,75.18,72.33,74.85,1467
2025.021918,72.17,73.71,71.55,73.46,1466
2025.019178,74.04,74.62,71.91,72.17,1465
2025.016438,74.36,74.92,72.91,74.04,1464
2025.013699,75.94,76.15,73.8,74.36,1463
2025.010959,75.19,76.35,74.86,75.94,1462
2025.008219,75.19,76.35,74.86,75.94,1461
2025.005479,75.19,76.35,74.86,75.94,1460
2025.00274,73,75.35,72,75.19,1459
2025,71.98,73.62,71.9,73,1458
2024.997268,71.98,73.62,71.9,73,1457
2024.994536,71.56,72.06,70.4,71.98,1456
2024.991803,69.47,71.8,69.61,71.56,1455
2024.989071,69.47,71.8,69.61,71.56,1454
2024.986339,69.47,71.8,69.61,71.56,1453
2024.983607,69.68,70.05,69.06,69.47,1452
2024.980874,69.68,70.05,69.06,69.47,1451
2024.978142,69.68,70.05,69.06,69.47,1450
2024.97541,68.2,70.15,67.36,69.68,1449
2024.972678,67.69,68.7,67.4,68.2,1448
2024.969945,67.69,68.7,67.4,68.2,1447
2024.967213,67.69,68.7,67.4,68.2,1446
2024.964481,64.86,68,64.78,67.69,1445
2024.961749,64.26,65.75,64.15,64.86,1444
2024.959016,65.27,65.85,64.05,64.26,1443
2024.956284,64.43,64.31,62.73,63.32,1442
2024.953552,66.1,66.61,64.15,64.43,1441
2024.95082,66.1,66.61,64.15,64.43,1440
2024.948087,66.1,66.61,64.15,64.43,1439
2024.945355,68.63,68.84,65.54,66.1,1438
2024.942623,68.18,69.58,67.91,68.63,1437
2024.939891,66.37,68.72,66.15,68.18,1436
2024.937158,68.31,68.7,65.93,66.37,1435
2024.934426,67.34,68.74,66.92,68.31,1434
2024.931694,67.34,68.74,66.92,68.31,1433
2024.928962,67.34,68.74,66.92,68.31,1432
2024.92623,67.86,68.69,66.91,67.34,1431
2024.923497,68.49,68.28,67.28,67.86,1430
2024.920765,68.83,69.25,67.85,68.49,1429
2024.918033,68.4,70.14,68.1,68.83,1428
2024.915301,67.63,68.54,67.13,68.4,1427
2024.912568,67.63,68.54,67.13,68.4,1426
2024.909836,67.63,68.54,67.13,68.4,1425
2024.907104,68.47,68.91,67.53,67.63,1424
2024.904372,69.23,69.38,67.7,68.47,1423
2024.901639,69.86,69.75,68.25,69.23,1422
2024.898907,69.27,71.54,69.24,69.86,1421
2024.896175,69.99,70.96,69.01,69.27,1420
2024.893443,69.99,70.96,69.01,69.27,1419
2024.89071,69.99,70.96,69.01,69.27,1418
2024.887978,68.38,70.78,68.45,69.99,1417
2024.885246,68.13,69.4,67.89,68.38,1416
2024.882514,69.51,69.83,67.84,68.13,1415
2024.879781,68.01,70.03,66.96,69.51,1414
2024.877049,68.27,68.8,66.75,68.01,1413
2024.874317,68.27,68.8,66.75,68.01,1412
2024.871585,68.27,68.8,66.75,68.01,1411
2024.868852,66.31,68.46,66.61,68.27,1410
2024.86612,67.53,67.24,65.39,66.31,1409
2024.863388,67.57,67.77,65.76,67.53,1408
2024.860656,68.02,68.8,66.92,67.57,1407
2024.857923,66.04,68.28,65.96,68.02,1406
2024.855191,66.04,68.28,65.96,68.02,1405
2024.852459,66.04,68.28,65.96,68.02,1404
2024.849727,63.76,66.29,63.65,66.04,1403
2024.846995,64.3,64.19,62.37,63.76,1402
2024.844262,65.22,65.69,64.1,64.3,1401
2024.84153,63.87,65.89,64,65.22,1400
2024.838798,64.58,64.96,63.22,63.87,1399
2024.836066,64.58,64.96,63.22,63.87,1398
2024.833333,64.58,64.96,63.22,63.87,1397
2024.830601,65.47,65.95,63.54,64.58,1396
2024.827869,67.28,67.19,64.94,65.47,1395
2024.825137,66.4,67.75,66.14,67.28,1394
2024.822404,66.97,66.61,64.61,66.4,1393
2024.819672,66.63,67.36,66.08,66.97,1392
2024.81694,66.63,67.36,66.08,66.97,1391
2024.814208,66.63,67.36,66.08,66.97,1390
2024.811475,64.89,67.57,64.75,66.63,1389
2024.808743,62.25,65.36,61.71,64.89,1388
2024.806011,61.76,62.56,61.29,62.25,1387
2024.803279,62.28,62.95,61.36,61.76,1386
2024.800546,62.98,63.47,62.22,62.28,1385
2024.797814,62.98,63.47,62.22,62.28,1384
2024.795082,62.98,63.47,62.22,62.28,1383
2024.79235,63.03,63.64,62.63,62.98,1382
2024.789617,65.09,65.63,62.8,63.03,1381
2024.786885,65.97,65.59,64.17,65.09,1380
2024.784153,64.62,66.18,63.85,65.97,1379
2024.781421,65,65.09,63.75,64.62,1378
2024.778689,65,65.09,63.75,64.62,1377
2024.775956,65,65.09,63.75,64.62,1376
2024.773224,62.01,65.21,62.04,65,1375
2024.770492,60.29,62.71,59.95,62.01,1374
2024.76776,61.76,61.92,60.07,60.29,1373
2024.765027,62.05,62.5,60.06,61.76,1372
2024.762295,62.76,62.57,61.41,62.05,1371
2024.759563,62.76,62.57,61.41,62.05,1370
2024.756831,62.76,62.57,61.41,62.05,1369
2024.754098,62.6,62.96,62.01,62.76,1368
2024.751366,63.61,65.04,62.54,62.6,1367
2024.748634,65.56,65.23,62.75,63.61,1366
2024.745902,66.33,66.97,65.13,65.56,1365
2024.743169,66.52,66.46,65.28,66.33,1364
2024.740437,66.52,66.46,65.28,66.33,1363
2024.737705,66.52,66.46,65.28,66.33,1362
2024.734973,65.24,66.75,64.34,66.52,1361
2024.73224,63.87,65.59,63.65,65.24,1360
2024.729508,64.1,64.93,63.53,63.87,1359
2024.726776,63.39,64.72,63.34,64.1,1358
2024.724044,62.82,64.15,62.88,63.39,1357
2024.721311,62.82,64.15,62.88,63.39,1356
2024.718579,62.82,64.15,62.88,63.39,1355
2024.715847,63.7,65.42,62.39,62.82,1354
2024.713115,64.34,64.88,63.21,63.7,1353
2024.710383,63.21,65.16,62.45,64.34,1352
2024.70765,64.99,64.97,63.15,63.21,1351
2024.704918,65.45,65.94,64.6,64.99,1350
2024.702186,65.45,65.94,64.6,64.99,1349
2024.699454,65.45,65.94,64.6,64.99,1348
2024.696721,66.4,66.43,65.11,65.45,1347
2024.693989,64.92,66.53,64.71,66.4,1346
2024.691257,66.52,67.18,64.76,64.92,1345
2024.688525,66.2,67.74,66.04,66.5,1344
2024.685792,66.2,67.74,66.04,66.5,1343
2024.68306,66.2,67.74,66.04,66.5,1342
2024.680328,66.2,67.74,66.04,66.5,1341
2024.677596,67,67.68,65.95,66.2,1340
2024.674863,68.16,68.47,66.75,67,1339
2024.672131,70.43,70.44,68.1,68.16,1338
2024.669399,70.3,70.99,69.56,70.43,1337
2024.666667,71.06,71.45,69.96,70.3,1336
2024.663934,71.06,71.45,69.96,70.3,1335
2024.661202,71.06,71.45,69.96,70.3,1334
2024.65847,70.77,71.23,70.08,71.06,1333
2024.655738,71.49,72.21,70.35,70.77,1332
2024.653005,70.49,71.93,70.24,71.49,1331
2024.650273,71.13,71.75,70.07,70.49,1330
2024.647541,71.57,72.37,70.62,71.13,1329
2024.644809,71.57,72.37,70.62,71.13,1328
2024.642077,71.57,72.37,70.62,71.13,1327
2024.639344,72.14,72.64,71.17,71.57,1326
2024.636612,73.07,73.83,71.68,72.14,1325
2024.63388,73.14,74.75,72.65,73.07,1324
2024.631148,72.52,73.75,72.04,73.14,1323
2024.628415,72.11,72.98,71.5,72.52,1322
2024.625683,72.11,72.98,71.5,72.52,1321
2024.622951,72.11,72.94,71.5,72.52,1320
2024.620219,71.87,72.23,70.52,72.11,1319
2024.617486,71.29,72.44,71.26,71.87,1318
2024.614754,72.65,73.06,71.14,71.29,1317
2024.612022,69.84,74.12,69.51,72.86,1316
2024.60929,70.83,71.83,69.64,69.84,1315
2024.606557,70.83,71.83,69.64,69.84,1314
2024.603825,70.83,71.83,69.64,69.84,1313
2024.601093,70.81,71.73,69.72,70.83,1312
2024.598361,69.92,71.43,69.1,70.81,1311
2024.595628,68.86,70.39,69.07,69.92,1310
2024.592896,70.44,69.75,67.86,68.86,1309
2024.590164,71.17,71.31,69.45,70.44,1308
2024.587432,71.17,71.31,69.45,70.44,1307
2024.584699,71.17,71.31,69.45,70.44,1306
2024.581967,69.24,71.5,68.83,71.17,1305
2024.579235,68.58,69.44,68.04,69.24,1304
2024.576503,68.78,69.29,67.47,68.58,1303
2024.57377,67.71,68.9,67.2,68.78,1302
2024.571038,67.08,68.15,66.79,67.71,1301
2024.568306,67.08,68.15,66.79,67.71,1300
2024.565574,67.08,68.15,66.79,67.71,1299
2024.562842,68.9,68.91,66.65,67.08,1298
2024.560109,65.79,69.02,65.55,68.9,1297
2024.557377,64.79,66.22,64.26,65.79,1296
2024.554645,66,66.73,64.25,64.79,1295
2024.551913,66.11,67.49,65.73,66,1294
2024.54918,66.11,67.49,65.73,66,1293
2024.546448,66.11,67.49,65.73,66,1292
2024.543716,66.42,66.98,66.01,66.11,1291
2024.540984,67.94,68.13,66.41,66.42,1290
2024.538251,67.58,68.27,67.16,67.94,1289
2024.535519,69.35,69.58,67.1,67.58,1288
2024.532787,68.52,69.52,67.69,69.35,1287
2024.530055,68.52,69.52,67.69,69.35,1286
2024.527322,68.52,69.52,67.69,69.35,1285
2024.52459,67.96,68.83,67.6,68.52,1284
2024.521858,68.52,69.4,67.86,67.96,1283
2024.519126,69.04,69.19,68.18,68.52,1282
2024.516393,70.35,71.85,68.8,69.04,1281
2024.513661,70.18,71.15,69.94,70.35,1280
2024.510929,70.18,71.15,69.94,70.35,1279
2024.508197,70.18,71.15,69.94,70.35,1278
2024.505464,70.91,71.16,69.83,70.18,1277
2024.502732,70.93,71.95,70,70.91,1276
2024.5,68.33,71.03,67.52,70.93,1275
2024.497268,67.36,69.68,67.13,68.33,1274
2024.494536,66.49,68.4,65.79,67.36,1273
2024.491803,66.49,68.4,65.79,67.36,1272
2024.489071,66.49,68.4,65.79,67.36,1271
2024.486339,67.23,67.78,66.42,66.49,1270
2024.483607,67.8,69.09,66.8,67.23,1269
2024.480874,67.56,68.07,66.85,67.8,1268
2024.478142,68.05,68.27,67.01,67.56,1267
2024.47541,69.19,69.51,67.94,68.05,1266
2024.472678,69.19,69.51,67.94,68.05,1265
2024.469945,69.19,69.51,67.94,68.05,1264
2024.467213,70.74,71.59,69.07,69.19,1263
2024.464481,68.38,70.81,68.5,70.74,1262
2024.461749,68.16,69.25,67.72,68.38,1261
2024.459016,68.53,69.21,67.63,68.16,1260
2024.456284,70.87,71.09,68.18,68.53,1259
2024.453552,70.87,71.09,68.18,68.53,1258
2024.45082,70.87,71.09,68.18,68.53,1257
2024.448087,70.3,71.99,70.3,70.87,1256
2024.445355,70.41,71.75,69.97,70.3,1255
2024.442623,70.91,72.17,69.87,70.41,1254
2024.439891,71.42,71.2,69.29,70.91,1253
2024.437158,71.53,71.88,71.02,71.42,1252
2024.434426,71.53,71.88,71.02,71.42,1251
2024.431694,71.53,71.88,71.02,71.42,1250
2024.428962,72,72.98,71.25,71.53,1249
2024.42623,72.58,73.26,70.96,72,1248
2024.423497,74.63,74.71,72.27,72.58,1247
2024.420765,74.07,77.8,74.25,74.63,1246
2024.418033,75.2,76.42,73.85,74.07,1245
2024.415301,75.2,76.42,73.85,74.07,1244
2024.412568,75.2,76.42,73.85,74.07,1243
2024.409836,73.95,75.84,73.37,75.2,1242
2024.407104,74.6,75.6,72.95,73.95,1241
2024.404372,76.51,76.24,74.15,74.6,1240
2024.401639,75.78,76.99,75.58,76.51,1239
2024.398907,76.1,76.7,73.9,75.78,1238
2024.396175,76.1,76.7,73.9,75.78,1237
2024.393443,76.1,76.7,73.9,75.78,1236
2024.39071,76.67,78.1,75.52,76.1,1235
2024.387978,76.2,77.5,75.5,76.67,1234
2024.385246,74.24,76.64,73.05,76.2,1233
2024.382514,70.52,74.9,71,74.24,1232
2024.379781,70.79,71.52,69.6,70.52,1231
2024.377049,70.79,71.52,69.6,70.52,1230
2024.374317,70.79,71.52,69.6,70.52,1229
2024.371585,69.19,71.24,68.88,70.79,1228
2024.368852,70.1,71.83,69.09,69.19,1227
2024.36612,70.07,71.32,69.02,70.1,1226
2024.363388,71.59,71.49,68.75,70.07,1225
2024.360656,73.62,75.5,71.28,71.59,1224
2024.357923,73.62,75.5,71.28,71.59,1223
2024.355191,73.62,75.5,71.28,71.59,1222
2024.352459,71.92,74.08,71.13,73.62,1221
2024.349727,70.85,72.7,69.61,71.92,1220
2024.346995,73.67,74.3,70.57,70.79,1219
2024.344262,71.84,74.45,71.56,73.65,1218
2024.34153,72.69,74.55,71.45,71.84,1217
2024.338798,72.69,74.55,71.45,71.84,1216
2024.336066,72.69,74.55,71.45,71.84,1215
2024.333333,67.91,73.18,67.25,72.69,1214
2024.330601,69.2,69.26,67.35,67.91,1213
2024.327869,65.8,69.6,65.38,69.2,1212
2024.325137,67.51,67.35,65.01,65.8,1211
2024.322404,68.41,69.2,66.57,67.51,1210
2024.319672,68.41,69.2,66.57,67.51,1209
2024.31694,68.41,69.2,66.57,67.51,1208
2024.314208,66.85,69.92,66.54,68.41,1207
2024.311475,66.38,67.45,64.8,66.85,1206
2024.308743,66.4,67.21,65.34,66.38,1205
2024.306011,68.52,68.19,66.02,66.4,1204
2024.303279,71.55,73.3,68.13,68.52,1203
2024.300546,71.55,73.3,68.13,68.52,1202
2024.297814,71.55,73.3,68.13,68.52,1201
2024.295082,70.33,72.22,68.15,71.55,1200
2024.29235,74.25,74.48,69.24,70.33,1199
2024.289617,70.16,74.9,69.87,74.25,1198
2024.286885,71.64,71.64,69.12,70.16,1197
2024.284153,68.83,71.81,68.07,71.64,1196
2024.281421,68.83,71.81,68.07,71.64,1195
2024.278689,68.83,71.81,68.07,71.64,1194
2024.275956,62.9,68.85,62.94,68.85,1193
2024.273224,66.48,65.72,62.37,62.9,1192
2024.270492,65.91,67.03,64.94,66.48,1191
2024.26776,62.93,66.15,62.08,65.91,1190
2024.265027,60.79,63.4,60.6,62.93,1189
2024.259563,60.79,63.4,60.6,62.93,1187
2024.256831,59.65,61.49,59.36,60.79,1186
2024.254098,61.02,61.4,59.26,59.65,1185
2024.251366,64.19,63.91,60.87,61.02,1184
2024.248634,64.81,65.2,63.7,64.19,1183
2024.245902,64.81,65.2,63.7,64.19,1182
2024.240437,64.81,65.2,63.7,64.19,1180
2024.237705,64.81,65.2,63.7,64.19,1179
2024.234973,64.63,65.66,63.46,64.81,1178
2024.23224,67.41,68.17,64.52,64.63,1177
2024.229508,63.82,67.51,64.55,67.41,1176
2024.226776,61.32,64.33,61.22,63.82,1175
2024.221311,61.32,64.33,61.22,63.82,1173
2024.218579,62.94,62.56,61.1,61.32,1172
2024.215847,63.13,63.73,62.29,62.94,1171
2024.213115,63.73,65.17,61.82,63.13,1170
2024.210383,61.61,64.54,61.86,63.73,1169
2024.20765,60.64,62.38,60.5,61.61,1168
2024.202186,60.64,62.38,60.5,61.61,1166
2024.199454,58.14,61.3,57.21,60.64,1165
2024.196721,58.61,60.03,57.61,58.14,1164
2024.193989,58.31,59.17,57.41,58.61,1163
2024.191257,60.54,60.39,57.88,58.31,1162
2024.188525,61.41,62.4,59.95,60.54,1161
2024.18306,61.24,62.4,59.95,60.83,1159
2024.180328,61.49,63.37,59.7,61.41,1158
2024.177596,62.84,65.1,60.35,61.49,1157
2024.174863,59.23,63.71,59.12,62.84,1156
2024.172131,58.54,59.97,55.63,59.34,1155
2024.169399,58.15,58.87,57.24,58.55,1154
2024.163934,58.15,58.87,57.24,58.55,1152
2024.161202,60.05,60,57.44,58.15,1151
2024.15847,57.8,61.07,57.75,60.05,1150
2024.155738,56.04,58.24,54.51,57.8,1149
2024.153005,54.21,56.48,53.57,56.04,1148
2024.150273,54.82,55,53.08,54.21,1147
2024.144809,54.82,55,53.08,54.21,1145
2024.142077,56.58,56.5,54.45,54.82,1144
2024.139344,56.32,56.8,55.27,56.58,1143
2024.136612,55.53,57.08,53.84,56.32,1142
2024.13388,59.29,58.88,54.95,55.53,1141
2024.131148,60.03,60.31,58.42,59.29,1140
2024.125683,60.03,60.31,58.42,59.29,1138
2024.122951,58.7,61.17,58.25,60.03,1137
2024.120219,58.51,59.58,57.49,58.7,1136
2024.117486,58.95,60.01,57.71,58.51,1135
2024.114754,60.9,60.85,58.68,58.95,1134
2024.112022,62.95,62.73,60.35,60.9,1133
2024.106557,62.95,62.73,60.35,60.9,1131
2024.103825,64.63,64.71,62.49,62.95,1130
2024.101093,65.82,65.86,64.5,64.63,1129
2024.098361,64.9,66.12,64.27,65.82,1128
2024.095628,65.63,66.55,64.31,64.9,1127
2024.092896,64.36,66.58,64.16,65.63,1126
2024.087432,64.36,66.58,64.16,65.63,1124
2024.084699,66.37,67.06,64.25,64.36,1123
2024.081967,65.73,67.39,65.25,66.37,1122
2024.079235,63.98,66.24,63.49,65.73,1121
2024.076503,65.82,66.38,63.79,63.98,1120
2024.07377,65.44,67.25,64.29,65.82,1119
2024.068306,65.44,67.25,64.29,65.82,1117
2024.065574,68.18,68.69,65.17,65.44,1116
2024.062842,65.33,68.29,65.74,68.18,1115
2024.060109,64.26,65.93,63.85,65.33,1114
2024.057377,65.94,65.17,63.05,64.26,1113
2024.054645,65.25,66.6,65.25,65.94,1112
2024.04918,65.25,66.6,65.25,65.94,1110
2024.046448,65.42,66.25,64.74,65.25,1109
2024.043716,67.94,68.34,65.14,65.42,1108
2024.040984,69.58,69.81,67.41,67.94,1107
2024.038251,68.05,69.7,66.95,69.58,1106
2024.035519,70.23,71.39,67.08,68.05,1105
2024.030055,70.23,71.39,67.08,68.05,1103
2024.027322,72.36,72.66,69.33,70.23,1102
2024.02459,74.34,75.16,71.74,72.36,1101
2024.021858,74.78,75.2,73.52,74.34,1100
2024.019126,78.81,78.47,74.29,74.78,1099
2024.016393,78.19,79.05,77.82,78.81,1098
2024.010929,78.19,79.05,77.82,78.81,1096
2024.008197,79.69,80.62,77.31,78.19,1095
2024.005464,78.23,80.11,78.43,79.69,1094
2024.002732,82.87,83.52,76.84,78.23,1093
2024,82.57,83.37,81.72,82.87,1092
2023.99726,82.57,83.37,81.72,82.87,1091
2023.991781,82.57,83.37,81.72,82.87,1089
2023.989041,82.46,82.64,81.43,82.57,1088
2023.986301,81.39,83.49,81.42,82.46,1087
2023.983562,81.39,81.84,79.4,81.39,1086
2023.980822,80.41,81.84,79.4,81.39,1085
2023.978082,80.41,81.84,79.4,81.39,1084
2023.972603,80.41,81.84,79.4,81.39,1082
2023.969863,78.03,81.22,77.87,80.41,1081
2023.967123,74.24,78.18,74.41,78.03,1080
2023.964384,72,74.53,73.31,74.24,1079
2023.961644,69.22,73.67,69.03,72,1078
2023.958904,69.64,70.74,69.08,69.22,1077
2023.953425,69.64,70.74,69.08,69.22,1075
2023.950685,71.99,73.25,68.84,69.64,1074
2023.947945,71.18,73.04,71,71.99,1073
2023.945205,70.27,71.56,69.83,71.18,1072
2023.942466,71.69,71.57,69.25,70.27,1071
2023.939726,72.68,73.76,71.52,71.69,1070
2023.934247,72.68,73.76,71.52,71.69,1068
2023.931507,71.76,73.21,71.59,72.68,1067
2023.928767,71.58,72.92,71.3,71.76,1066
2023.926027,73.46,73.9,71.37,71.58,1065
2023.923288,75.71,75.23,73.23,73.46,1064
2023.920548,74.02,76.35,73.86,75.71,1063
2023.915068,74.02,76.35,73.86,75.71,1061
2023.912329,74.37,75.04,73.6,74.02,1060
2023.909589,76.43,76.71,73.84,74.37,1059
2023.906849,76.64,77.19,75.5,75.95,1058
2023.90411,80.22,80.1,76.26,77.13,1057
2023.90137,80.21,80.79,79.56,80.22,1056
2023.89589,80.21,80.79,79.56,80.22,1054
2023.893151,78.77,80.92,78.24,80.21,1053
2023.890411,78.96,79.73,78.4,78.77,1052
2023.887671,80.26,80.39,78.65,78.96,1051
2023.884932,80.22,81.46,79.71,80.26,1050
2023.882192,80.71,81.54,79.62,80.22,1049
2023.876712,80.71,81.54,79.62,80.22,1047
2023.873973,83.53,83.46,80.22,80.71,1046
2023.871233,82.36,84.02,82.47,83.53,1045
2023.868493,81.14,82.84,80.22,82.36,1044
2023.865753,82.46,82.71,79.9,81.14,1043
2023.863014,81.13,82.61,79.99,82.46,1042
2023.857534,81.13,82.61,79.99,82.46,1040
2023.854795,79.43,81.44,78.88,81.13,1039
2023.852055,78.98,80.07,78.51,79.43,1038
2023.849315,79.61,80.15,78.59,78.98,1037
2023.846575,81.52,81.25,79.36,79.61,1036
2023.843836,82.51,83.44,81,81.52,1035
2023.838356,82.51,83.44,81,81.52,1033
2023.835616,82.47,83.05,80.06,82.51,1032
2023.832877,82.98,84.08,82.29,82.47,1031
2023.830137,82.68,83.42,82.14,82.98,1030
2023.827397,83.31,84.92,82.44,82.68,1029
2023.824658,83.62,84.29,83.26,83.31,1028
2023.819178,83.62,84.29,83.26,83.31,1026
2023.816438,83.86,84.67,83.36,83.62,1025
2023.813699,84.56,84.92,83.7,83.86,1024
2023.810959,84.48,85.27,84.22,84.56,1023
2023.808219,85.44,85.52,84.06,84.48,1022
2023.805479,85.83,86.51,85.07,85.44,1021
2023.8,85.83,86.51,85.07,85.44,1019
2023.79726,85.94,86.28,84.92,85.83,1018
2023.794521,86.63,87.41,85.6,85.94,1017
2023.791781,87.43,87.59,85.51,86.63,1016
2023.789041,90.1,90.07,87.1,87.43,1015
2023.786301,89.35,90.74,88.9,90.1,1014
2023.780822,89.35,90.74,88.9,90.1,1012
2023.778082,88.22,89.77,87.61,89.35,1011
2023.775342,88.93,89.13,87.57,88.22,1010
2023.772603,85.83,89.17,85.68,88.93,1009
2023.769863,84.51,85.95,84.45,85.83,1008
2023.767123,84.58,85.13,84.04,84.51,1007
2023.761644,84.58,85.13,84.04,84.51,1005
2023.758904,85.79,86.49,84.38,84.58,1004
2023.756164,83.7,86.51,83.68,85.79,1003
2023.753425,84.9,84.99,83.6,83.7,1002
2023.750685,85.81,85.7,84.72,84.9,1001
2023.747945,86.86,87.25,85.56,85.81,1000
2023.742466,86.86,87.25,85.56,85.81,998
2023.739726,86.42,87.36,85.96,86.86,997
2023.736986,87.09,87.17,85.76,86.42,996
2023.734247,89.51,89.31,86.7,87.09,995
2023.731507,89.72,90.16,89.02,89.51,994
2023.728767,88.37,90.32,87.84,89.72,993
2023.723288,88.37,90.32,87.84,89.72,991
2023.720548,86.97,88.85,86.01,88.37,990
2023.717808,85.38,87.07,84.71,86.97,989
2023.715068,85.03,85.67,84.75,85.38,988
2023.712329,86.49,86.7,84.93,85.03,987
2023.709589,87.3,88.28,86.09,86.49,986
2023.70411,87.3,88.28,86.09,86.49,984
2023.70137,87.15,88.23,86.61,87.3,983
2023.69863,85.15,87.99,84.74,87.15,982
2023.69589,85.72,86.51,85.04,85.15,981
2023.693151,85.57,86.6,85.49,85.72,980
2023.690411,86.99,88.08,85.45,85.57,979
2023.684932,86.99,88.08,85.45,85.57,977
2023.682192,87.75,88.39,86.75,87.34,976
2023.679452,87.94,88.86,87.24,87.75,975
2023.676712,88.33,88.89,87.75,87.94,974
2023.673973,89.45,89.72,87.95,88.33,973
2023.671233,90.01,90.5,89.24,89.45,972
2023.665753,90.01,90.5,89.24,89.45,970
2023.663014,90.53,91.52,89.85,90.01,969
2023.660274,89.06,90.91,89.04,90.53,968
2023.657534,89.97,90.99,88.82,89.06,967
2023.654795,89.62,90.74,89.01,89.97,966
2023.652055,90.07,90.71,88.75,89.62,965
2023.646575,90.07,90.71,88.75,89.62,963
2023.643836,92.55,91.68,89.31,90.07,962
2023.641096,94.3,94.65,91.7,92.55,961
2023.638356,92.27,94.79,92.19,94.3,960
2023.635616,92.36,93.03,91.25,92.27,959
2023.632877,93.21,93.43,91.64,92.36,958
2023.627397,93.21,93.43,91.64,92.36,956
2023.624658,92.77,94.22,92.01,93.21,955
2023.621918,91.37,93.16,91.5,92.77,954
2023.619178,91.97,92.81,90.95,91.37,953
2023.616438,90.99,92.35,90.21,91.97,952
2023.613699,89.11,91.13,88.3,90.99,951
2023.608219,89.11,91.13,88.3,90.99,949
2023.605479,88.12,89.34,87.27,89.11,948
2023.60274,88.51,89.92,87.74,88.12,947
2023.6,86.9,88.76,86.5,88.51,946
2023.59726,87.87,88.59,86.85,86.9,945
2023.594521,89,89.55,87.5,87.87,944
2023.589041,89.45,89.55,87.5,87.62,942
2023.586301,87.6,89.94,87.35,88.81,941
2023.583562,89.06,89.06,87.31,87.34,940
2023.580822,91,92.24,88.8,88.93,939
2023.578082,92.98,93.85,90.79,91.17,938
2023.569863,95.55,95.03,92.71,93.13,935
2023.567123,95.45,95.67,93.68,95.35,934
2023.564384,96.49,98.08,94.98,95.04,933
2023.561644,95.67,96.97,95.67,96.82,932
2023.558904,96,96.7,95.14,95.74,931
2023.556164,94.92,96.72,94.81,95.85,930
2023.550685,94.92,96.72,94.81,95.85,928
2023.547945,93.26,95.61,93.23,95.25,927
2023.545205,92.44,93.76,91.44,93.31,926
2023.542466,90.92,92.7,90.64,92.5,925
2023.539726,90.8,91.18,89.62,91.18,924
2023.536986,90.25,92.1,90.3,90.48,923
2023.531507,90.25,92.1,90.3,90.48,921
2023.528767,90.17,91.37,89.8,90.32,920
2023.526027,91.31,92.87,90.12,90.38,919
2023.523288,90.38,91.7,89.68,91.46,918
2023.520548,90.87,91.69,90.08,90.86,917
2023.512329,90.85,92.46,90.44,90.64,914
2023.509589,90.35,90.85,89.98,90.85,913
2023.506849,91.67,91.95,90.29,90.4,912
2023.50411,92.48,92.72,91.26,92.11,911
2023.50137,93.76,94.49,91.78,92.14,910
2023.49863,92.43,94.15,91.72,93.67,909
2023.493151,92.43,94.15,91.72,93.67,907
2023.490411,91.84,93.37,91.64,92.64,906
2023.487671,94.1,94.1,91.47,92.73,905
2023.484932,90.67,93.64,90.4,93.61,904
2023.482192,92.08,94,90.32,90.55,903
2023.479452,94.54,94.97,91.97,92.23,902
2023.473973,94.54,94.97,91.97,92.23,900
2023.471233,93.97,95.67,92.82,95.34,899
2023.468493,98.49,99.83,94.85,95.27,898
2023.465753,97.22,100.4,97.22,99.09,897
2023.463014,95.89,97.6,94.84,97.56,896
2023.460274,97.76,97.38,95.01,96.76,895
2023.454795,97.76,97.38,95.01,96.76,893
2023.452055,97.75,99.68,96,97.39,892
2023.449315,94.59,98.46,94.38,98.14,891
2023.446575,92.25,95.3,91.44,95.2,890
2023.443836,91,92.68,89.2,92.56,889
2023.441096,88.19,91.57,87.67,91.08,888
2023.435616,88.19,91.57,87.67,91.08,886
2023.432877,87.89,89.12,86.89,87.49,885
2023.430137,85.53,88.25,84.21,88.08,884
2023.427397,87.09,87.55,84.32,85.7,883
2023.424658,82.8,87.29,82.13,86.95,882
2023.421918,82.58,84.4,82.53,82.92,881
2023.416438,82.58,84.4,82.53,82.92,879
2023.413699,84.74,84.81,82.34,82.78,878
2023.410959,84.43,85.99,83.34,84.88,877
2023.408219,87.07,87.17,84.41,84.41,876
2023.405479,87.75,88.65,87.12,87.34,875
2023.40274,87.17,87.51,86.13,86.47,874
2023.39726,87.17,87.51,86.13,86.47,872
2023.394521,88.69,88.95,86.85,86.96,871
2023.391781,89.87,90.48,88.96,89.1,870
2023.389041,91.94,91.94,89.63,90.07,869
2023.386301,93.43,93.54,91.05,91.61,868
2023.383562,94.15,95.4,93.69,94.18,867
2023.378082,94.15,95.4,93.69,94.18,865
2023.375342,92.33,94.49,92.16,94.14,864
2023.372603,93.61,93.61,91.84,92.46,863
2023.369863,91.15,93.36,90.95,93.15,862
2023.367123,93.07,93.07,90.31,91.15,861
2023.364384,92.57,93.85,92.42,92.67,860
2023.358904,92.57,93.85,92.42,92.67,858
2023.356164,93.01,94.26,91.94,92.78,857
2023.353425,91.6,93.93,91.35,93.3,856
2023.350685,89.81,91.92,89.42,91.75,855
2023.347945,89.22,89.97,88.74,89.86,854
2023.345205,88.68,90.75,88.57,89.03,853
2023.339726,88.68,90.75,88.57,89.03,851
2023.336986,89.24,89.63,87.44,88.37,850
2023.334247,93.45,93.45,88.11,89.46,849
2023.331507,89.89,95.07,89.82,92.91,848
2023.328767,91.79,91.82,89.63,89.71,847
2023.326027,90.21,92.21,90.37,91.49,846
2023.320548,90.21,92.21,90.37,91.49,844
2023.317808,90.36,91.92,89.66,90.42,843
2023.315068,91.05,91.19,89.34,90.39,842
2023.312329,92.68,93.19,90.91,91.15,841
2023.309589,94.35,94.35,92.01,93.11,840
2023.306849,96.48,96.82,93.8,94.17,839
2023.30137,96.48,96.82,93.8,94.17,837
2023.29863,99.13,99.14,95.71,96.28,836
2023.29589,99.51,101,98.87,98.99,835
2023.293151,97.3,100.19,97.3,100.11,834
2023.290411,99.23,99.23,96.73,97.55,833
2023.287671,99.07,99.58,97.78,98.41,832
2023.282192,99.07,99.58,97.78,98.41,830
2023.279452,100.18,100.19,97.93,99.02,829
2023.276712,102.67,102.84,99.9,100.97,828
2023.273973,101.52,103.08,101.51,102.23,827
2023.271233,101.04,102.33,100.45,101.1,826
2023.268493,101.04,102.33,100.45,101.1,825
2023.263014,101.04,102.33,100.45,101.1,823
2023.260274,101.3,102.33,100.45,101.15,822
2023.257534,99.24,102.65,99.24,101.5,821
2023.254795,100.31,101.6,99.02,99.32,820
2023.252055,96.01,100.4,96.01,100.12,819
2023.243836,95.18,97.11,95.15,96.13,816
2023.241096,94.73,95.7,94.05,95.14,815
2023.238356,94.42,95.2,93.55,94.47,814
2023.235616,92.44,94.6,92.44,93.46,813
2023.232877,92.29,93.05,90.96,91.41,812
2023.224658,97.24,98.34,90.74,91.64,809
2023.221918,93.98,97.49,93.94,96.82,808
2023.219178,94.84,94.92,92.6,93.83,807
2023.216438,92.65,95.59,92.58,93.85,806
2023.213699,91.26,93.23,89.05,91.93,805
2023.205479,92.37,94,90.46,91.39,802
2023.20274,94.61,95.68,90.44,91.16,801
2023.2,98.08,100.16,93.14,93.31,800
2023.19726,100.74,101.41,97.04,97.27,799
2023.194521,104.67,104.67,99.95,101.69,798
2023.186301,104.37,105.37,103.45,104.81,795
2023.183562,102.91,104.97,101.89,103.5,794
2023.180822,101.05,103.95,101.05,102.92,793
2023.178082,98.36,101.66,97.69,100.65,792
2023.175342,97.43,99.5,97.01,97.88,791
2023.167123,98.15,98.45,96.52,97.09,788
2023.164384,102.19,103.35,97.87,98.34,787
2023.161644,104.48,104.65,101.47,101.95,786
2023.158904,105.15,105.61,104.11,104.8,785
2023.156164,102.93,105.5,102.93,105.14,784
2023.147945,102.19,104.78,101.85,102.14,781
2023.145205,101.65,102.83,100.83,102.26,780
2023.142466,104.33,104.6,100.61,101.41,779
2023.139726,102.85,105.73,101.37,105,778
2023.136986,100.42,104.57,100.42,102.91,777
2023.128767,102.13,102.89,100.08,100.7,774
2023.126027,98.72,102.78,98.72,102.04,773
2023.123288,95.56,99.28,94.84,98.75,772
2023.120548,97.29,97.56,94.15,96.3,771
2023.117808,97.35,98.23,95.97,96.48,770
2023.109589,95.29,97.41,94.88,97.27,767
2023.106849,94.63,97.16,94.12,95.14,766
2023.10411,95.22,96.14,93.53,94.44,765
2023.10137,95.48,96.31,93.3,94.41,764
2023.09863,98.03,100.15,94.75,95,763
2023.090411,97.86,100.16,97.3,97.44,760
2023.087671,99.99,101.3,95.94,97.16,759
2023.084932,96.61,101.63,96.58,99.7,758
2023.082192,93.86,97.78,93.21,97.1,757
2023.079452,93.48,94.3,91.51,93.59,756
2023.071233,93.27,94.51,92.54,93.15,753
2023.068493,88.38,93.45,87.87,93.26,752
2023.065753,85.6,88.85,84.8,88.1,751
2023.063014,88.39,88.58,85.32,85.49,750
2023.060274,89.03,89.32,87.6,89.09,749
2023.052055,88.07,89.17,87.33,88.96,746
2023.049315,87.41,89.14,86.85,87.7,745
2023.046575,83,87.16,82.23,86.99,744
2023.043836,81.74,83.82,80.91,83.31,743
2023.041096,83.16,83.32,81.16,81.33,742
2023.032877,84.11,84.21,82.04,83.72,739
2023.030137,83.18,84.8,83.18,84.14,738
2023.027397,84.8,85.47,82.49,82.94,737
2023.024658,85.18,86.19,84.1,84.52,736
2023.021918,81.17,85.79,80.98,85.49,735
2023.013699,82.08,83.42,81.24,81.5,732
2023.010959,81.78,83.36,80.96,82.63,731
2023.008219,87.68,87.68,81.16,81.63,730
2023.005479,89.2,90,85.96,87.56,729
2023.00274,87.36,89.94,87.36,89.94,728
2022.994521,89.32,89.33,85.29,88,725
2022.991781,90.22,90.69,88.29,88.41,724
2022.989041,92.42,92.84,90.07,90.12,723
2022.986301,93.05,94.81,92.55,92.61,722
2022.975342,93.41,94.78,92.77,93.51,718
2022.972603,91.58,94.73,91.58,93.42,717
2022.969863,91.4,92.8,91.18,92,716
2022.967123,90.65,94.98,90,94.23,715
2022.964384,84.62,85.83,83.04,84.11,714
2022.956164,85.24,86.33,83.07,83.82,711
2022.953425,86.17,87.75,85,85.5,710
2022.950685,88.44,89.43,84.76,86.61,709
2022.947945,90.15,90.15,87.16,88.64,708
2022.945205,87.5,90.42,87.36,90.17,707
2022.936986,88.65,89.19,86.7,87.84,704
2022.934247,88.15,89.54,87.6,88.67,703
2022.931507,88.25,88.67,86.1,88.07,702
2022.928767,87.13,89.49,86,87.69,701
2022.926027,87.92,88.34,85.39,87.31,700
2022.917808,85,87.98,84.45,87.67,697
2022.915068,84.86,88.75,83.87,85.22,696
2022.912329,81.12,85.25,80.81,84.69,695
2022.909589,78.86,81.5,78.05,81.25,694
2022.906849,78.77,79.04,76.87,78.81,693
2022.89863,78.71,79.78,78.1,78.86,690
2022.89589,76.05,78.75,75.63,78.27,689
2022.893151,74.09,76.88,73.6,75.87,688
2022.890411,74.7,74.7,73.3,73.89,687
2022.887671,72.54,75.2,71.68,74.61,686
2022.879452,72.38,73.99,71.95,72.47,683
2022.876712,73.55,74.71,71.89,72.4,682
2022.873973,77,77.41,73.08,73.41,681
2022.871233,75.03,77.25,74,76.65,680
2022.868493,75.69,76,74.59,75.23,679
2022.860274,73.33,76.54,73.05,75.84,676
2022.857534,72.5,74.29,70.5,73.05,675
2022.854795,76.06,76.94,72.55,72.76,674
2022.852055,77.75,77.79,75.55,76.06,673
2022.849315,76.36,78.2,75.54,77.49,672
2022.841096,76.5,79.5,76.17,76.36,669
2022.838356,76.63,78.2,75.36,76.28,668
2022.835616,77.16,78.57,76.08,76.7,667
2022.832877,79.78,80.69,75.69,76.72,666
2022.830137,81.77,82,78.15,79.97,665
2022.821918,80.27,82.58,80.01,81.21,662
2022.819178,75.26,81,74.9,80.21,661
2022.816438,77.25,78.87,74.9,75.79,660
2022.813699,72.41,77.8,71.99,77.11,659
2022.810959,69,72.66,67.64,72.32,658
2022.80274,66.71,69.42,66.66,68.72,655
2022.8,67.23,67.88,66.54,66.87,654
2022.79726,67.25,69.69,66.99,67.29,653
2022.794521,67.29,68.39,66.51,67.77,652
2022.791781,68.01,68.63,66.26,67.51,651
2022.783562,68.72,69,67.12,68.02,648
2022.780822,66.37,69.5,65.75,68.84,647
2022.778082,66.4,68.64,65.01,66.71,646
2022.775342,66.9,67.4,65.65,66.34,645
2022.772603,68.98,69.4,65.71,66.77,644
2022.764384,69.2,70.39,67.63,69.85,641
2022.761644,66.89,69.49,65.5,68.96,640
2022.758904,67.72,71.36,66.54,67.07,639
2022.756164,66.62,68.35,65.4,66.92,638
2022.753425,66.55,66.73,64.25,65.94,637
2022.745205,64.86,68.66,64.86,66.73,634
2022.742466,65.53,66.86,64.14,65.73,633
2022.739726,67.8,68.27,64.37,65.15,632
2022.736986,70.33,71.1,67.37,67.96,631
2022.734247,65.15,71.95,64.1,70.33,630
2022.726027,70.01,70.3,65.35,65.77,627
2022.723288,69.9,71.12,69.01,70.44,626
2022.720548,71.79,71.79,69.1,69.79,625
2022.717808,70.55,73,70.26,71.14,624
2022.715068,73.32,73.8,70.15,71.1,623
2022.706849,71.85,73.93,71.11,73.27,620
2022.70411,72.38,72.55,70,71.85,619
2022.70137,70.49,73.8,68.41,72.54,618
2022.69863,71.99,72.44,68.01,69.75,617
2022.69589,65.99,72.62,65.73,71.82,616
2022.687671,67.05,67.95,65.55,66.08,613
2022.684932,69.31,69.31,66,67.24,612
2022.682192,69.51,71.11,68,69.03,611
2022.679452,74,74.71,69.2,69.88,610
2022.676712,77.49,77.49,73.7,74.45,609
2022.668493,80.75,81.22,77.45,77.89,606
2022.665753,80.41,81.35,77.45,80.79,605
2022.663014,81.06,81.61,79,80.03,604
2022.660274,86.28,86.89,79.92,80.81,603
2022.657534,90.5,90.5,85.69,86.66,602
2022.649315,89.04,90.49,88.06,90.31,599
2022.646575,89.2,90.66,87.2,89.31,598
2022.643836,90,91.39,88.37,89.24,597
2022.641096,92.51,94.19,88.85,89.29,596
2022.638356,98.5,98.69,90.85,92.17,595
2022.630137,96.3,99.22,95.6,98.01,592
2022.627397,96.25,97.49,92.7,96.04,591
2022.624658,92.35,96.44,92.23,95.8,590
2022.621918,90.07,92.66,90.07,92.08,589
2022.619178,89.35,90.87,88.5,90.78,588
2022.610959,86.9,89.25,86.82,88.87,585
2022.608219,85.98,88.03,85.35,87.55,584
2022.605479,85.5,86.3,84.25,85.92,583
2022.60274,84.18,86.08,83.95,85.93,582
2022.6,85,85.5,83.65,83.81,581
2022.591781,84.31,85.45,83.5,84.76,578
2022.589041,83.6,84.85,83.28,84.19,577
2022.586301,81.83,84.1,81.65,83.99,576
2022.583562,80.15,82.25,79.64,81.95,575
2022.580822,78.5,80.87,78.1,80.58,574
2022.572603,78.96,79.5,77.54,78.55,571
2022.569863,76.25,80.12,76.07,78.96,570
2022.567123,76.61,77.79,75.78,76.14,569
2022.564384,76.69,77.5,75.85,76.68,568
2022.561644,76.12,78.42,75.49,76.37,567
2022.553425,78.2,79.8,76,76.3,564
2022.550685,79.2,79.8,77.65,78.11,563
2022.547945,83.6,83.64,78.7,78.84,562
2022.545205,85.2,85.2,82.8,83.65,561
2022.542466,85.5,85.5,83.7,84.94,560
2022.534247,83.53,85.74,83.51,85.38,557
2022.531507,84.1,84.79,83.26,83.97,556
2022.528767,86.01,86.57,83.56,83.86,555
2022.526027,84.6,86.06,83.33,85.65,554
2022.523288,82.77,84.62,82.7,84.36,553
2022.515068,84.92,85,82.6,82.79,550
2022.512329,83.5,85.46,82.76,84.92,549
2022.509589,82.98,84.64,82.7,83.22,548
2022.506849,84.99,84.99,82.52,83.19,547
2022.50411,85.58,87.17,83.5,84.55,546
2022.49589,89.32,90.35,85.01,85.58,543
2022.493151,88.1,90.33,87.3,90.16,542
2022.490411,87.42,90.13,87.11,88.35,541
2022.487671,84.32,88.06,83.75,87.4,540
2022.484932,84,85.74,83,85.05,539
2022.476712,84.28,84.5,83.01,83.43,536
2022.473973,81.75,84.25,81.55,84.13,535
2022.471233,84.5,84.83,81.2,81.88,534
2022.468493,84.33,85.43,83.54,84.73,533
2022.465753,83.5,85.33,82.9,84,532
2022.457534,82.9,84.18,81.8,82.37,529
2022.454795,86.2,86.9,82.15,83,528
2022.452055,83.76,86.98,83.16,86.2,527
2022.449315,81.82,84.5,81.25,84.15,526
2022.446575,82.1,82.24,79.81,81.54,525
2022.438356,81.09,82.8,80.15,81.86,522
2022.435616,80.25,82.2,79.41,81.01,521
2022.432877,80.92,81.98,79.1,79.81,520
2022.430137,82.25,82.93,80.63,81.31,519
2022.427397,87.21,87.21,81.23,81.43,518
2022.419178,86.34,87.33,85.99,86.87,515
2022.416438,86.15,88.64,85.62,86.34,514
2022.413699,84.22,87.64,83.81,86.08,513
2022.410959,84,85,83.5,84.02,512
2022.408219,84.36,85.05,83.09,83.97,511
2022.4,84.87,85.33,83.45,84.2,508
2022.39726,81.15,85.21,81.11,84.76,507
2022.394521,80.84,82.63,80.29,81.4,506
2022.391781,78.12,82.66,77.38,81.32,505
2022.389041,80.16,82.67,77.8,78.15,504
2022.380822,83.5,84.2,80.16,80.39,501
2022.378082,84.57,85.55,80.16,83.18,500
2022.375342,88.92,90,82.77,84.64,499
2022.372603,90.4,92.75,89.61,91.72,498
2022.369863,87.7,90.35,87.63,89.56,497
2022.361644,88.07,90.5,87.6,88.48,494
2022.358904,88.58,89.05,86.71,88.26,493
2022.356164,87.51,90.04,81.9,88.83,492
2022.353425,87,88.69,85.75,87.34,491
2022.350685,91.37,92.22,86.52,87.02,490
2022.342466,89.27,92.45,88.4,91.54,487
2022.339726,88.7,91.99,86.82,88.91,486
2022.336986,88.15,89.32,85.97,88.31,485
2022.334247,83.3,89.06,82.72,88.19,484
2022.331507,83.59,84.9,82.44,83.04,483
2022.323288,82.97,85.84,82.29,84.45,480
2022.320548,81.48,83.67,79.9,82.68,479
2022.317808,81.25,81.94,78.8,81.01,478
2022.315068,84.58,85.25,81.95,82.71,477
2022.312329,88.09,88.32,82.3,83.46,476
2022.30411,85.99,89.89,85.75,88.99,473
2022.30137,86.5,87.69,85.58,86.44,472
2022.29863,80.44,88.5,79.79,87.82,471
2022.29589,80.14,80.95,79.52,80.2,470
2022.282192,77.38,80.25,77.38,79.97,465
2022.279452,79.17,79.17,77.23,77.44,464
2022.276712,77.65,79.29,76.85,79.01,463
2022.273973,79.75,80.16,77.55,77.95,462
2022.265753,79.63,80.98,79.51,80.09,459
2022.263014,77.17,80.4,76.34,79.94,458
2022.260274,78.01,79.56,76.71,77.18,457
2022.257534,78.76,78.94,77.44,78.05,456
2022.254795,78.22,79.4,77.14,78.5,455
2022.246575,77,79.88,76.34,78.49,452
2022.243836,78.51,80.5,75.35,76.48,451
2022.241096,81.05,81.62,76.8,78.31,450
2022.238356,80.9,81.99,80.17,81.7,449
2022.235616,78.7,81.99,77.87,80.81,448
2022.227397,78.26,79.06,77.23,78.6,445
2022.224658,76.62,79.24,75.9,78.24,444
2022.221918,80.9,81.3,75.85,76.6,443
2022.219178,79.05,81.4,78.61,80.67,442
2022.216438,78.72,79.74,77.52,78.39,441
2022.208219,80,80,78.32,78.89,438
2022.205479,79.18,80.19,76.32,79.89,437
2022.20274,77.51,79.11,75.25,78.16,436
2022.2,77,79.15,75.01,77.43,435
2022.19726,76,81.5,75.81,78.28,434
2022.189041,75.93,78,73.71,76.76,431
2022.186301,72.53,76.68,69.52,76.41,430
2022.183562,68.02,74.67,67.22,73.18,429
2022.180822,57.4,69.29,56.5,68.51,428
2022.178082,64.29,64.29,56.82,58.3,427
2022.169863,66,68.74,64.3,65.1,424
2022.167123,68.7,69.49,63.49,67.35,423
2022.164384,70.55,70.96,55,68.49,422
2022.161644,82.6,84.43,66,68.85,421
2022.158904,85.94,86,80.12,82.21,420
2022.150685,88.24,89.7,87.06,88.14,417
2022.147945,95,95,86.15,87.03,416
2022.145205,89.79,95.56,89.54,95.07,415
2022.142466,89.9,90.28,88.1,89.77,414
2022.139726,89.07,90.95,88.02,89.68,413
2022.131507,86.16,89.66,86.16,89.47,410
2022.128767,89.84,90.45,85.8,86.44,409
2022.126027,90.29,91.21,87.77,89.86,408
2022.123288,91.48,92.75,90.31,91.14,407
2022.120548,93.7,94,89.9,91.76,406
2022.112329,90.5,93.38,88.5,92.87,403
2022.109589,91.45,93.42,89.25,90.78,402
2022.106849,96.29,97.6,90.26,90.79,401
2022.10411,97,98.49,95.25,96.93,400
2022.10137,96.62,96.8,93.7,96.7,399
2022.093151,94.89,97.5,94.44,96.45,396
2022.090411,94.25,94.94,93.1,94.81,395
2022.087671,90,94.62,89.6,94.21,394
2022.084932,89.74,89.94,87.16,89.52,393
2022.082192,89.37,89.95,88.1,89.24,392
2022.073973,89.4,90.63,88.88,89.22,389
2022.071233,87.9,89.95,87.9,89.76,388
2022.068493,87.37,90,86.63,88.66,387
2022.065753,84.3,88.1,83.61,87.45,386
2022.063014,84.4,86.45,83.02,84.02,385
2022.054795,85.21,85.65,83.28,84.47,382
2022.052055,81.34,85.97,80.53,85.59,381
2022.049315,82.8,82.8,80.8,82.09,380
2022.046575,80.4,82.97,79,82.67,379
2022.043836,82.7,82.75,79.88,80.58,378
2022.035616,82.05,83.75,81.5,82.08,375
2022.032877,80.2,81.43,77.55,80.56,374
2022.030137,82.7,83.24,79.15,80.01,373
2022.027397,81.4,84.45,80.12,81.3,372
2022.024658,86.12,87,79.8,80.09,371
2022.016438,86.8,87.61,85.21,85.42,368
2022.013699,87.47,87.8,85.33,86.74,367
2022.010959,85.9,88.55,85.27,87.58,366
2022.008219,83.95,86.8,83.81,84.91,365
2022.005479,79.8,84.4,79.8,84.01,364
2021.99726,79.98,81.25,79.55,80.65,361
2021.994521,80.5,80.65,79.25,80.16,360
2021.991781,79.13,80.87,78.11,80.36,359
2021.989041,76.8,79.69,76.21,79.29,358
2021.986301,75.87,77.13,75.04,76.92,357
2021.978082,74.7,76.87,74.51,76.31,354
2021.975342,77.5,77.75,74.25,74.46,353
2021.972603,80.07,80.17,75.45,76.83,352
2021.969863,80.52,82.85,78.09,80.94,351
2021.967123,72.91,81.01,72.91,79.38,350
2021.958904,84.25,84.5,72.58,73.28,347
2021.956164,80.87,85.23,80.35,84.77,346
2021.953425,79.85,81.56,79.41,80.5,345
2021.950685,81.9,83.25,78.25,79.48,344
2021.947945,84.31,86.76,81.63,82.12,343
2021.939726,80.32,83.89,79.8,83.73,340
2021.936986,89.24,90.2,79.71,80.2,339
2021.934247,85.2,90.75,85.07,88.88,338
2021.931507,82.5,85.5,82,84.91,337
2021.928767,78.23,81.8,78.23,81.25,336
2021.920548,79.97,80.42,78,78.25,333
2021.917808,76.36,79.98,76.1,79.86,332
2021.915068,75.67,78.43,75.23,76.81,331
2021.912329,73.8,75.48,73.12,75.37,330
2021.909589,73.52,75.76,73.52,74.21,329
2021.90137,74.06,74.24,70.37,72.78,326
2021.89863,73.02,75.05,72.11,74.46,325
2021.89589,69.52,73.18,68.93,72.91,324
2021.893151,69.7,70.64,68.75,69.17,323
2021.890411,69.89,71.21,69.25,69.91,322
2021.882192,69.2,69.88,68.61,69.36,319
2021.879452,67.31,69.27,66.26,69.1,318
2021.876712,67.8,68.45,66.75,67.16,317
2021.873973,66.5,67.89,66.17,67.55,316
2021.871233,63.55,66.97,63.55,65.93,315
2021.863014,63.77,64.49,63.1,63.27,312
2021.860274,63.09,63.92,62.07,63.7,311
2021.857534,60.14,63.28,59.81,63.16,310
2021.854795,60.48,61.4,59.89,60.41,309
2021.852055,59.84,61.12,59.8,60.63,308
2021.843836,59.7,61.23,59.29,59.39,305
2021.841096,59.58,61.45,58.92,59.86,304
2021.838356,59.43,60.37,59.08,59.82,303
2021.835616,56.9,59.7,56.9,59.46,302
2021.832877,59,60.45,56.65,56.94,301
2021.824658,58.71,59.55,58.11,58.71,298
2021.821918,59.5,59.65,57.92,58.57,297
2021.819178,59.61,60.16,58.84,59.9,296
2021.816438,59.1,60.2,58.74,59.81,295
2021.813699,58.8,59.77,58.55,58.99,294
2021.805479,58.04,60.2,57.9,58.27,291
2021.80274,57.35,58.62,56.47,57.98,290
2021.8,54.75,58.13,54.61,57.78,289
2021.79726,57.75,58.35,54.01,54.55,288
2021.794521,58.75,59.68,57.24,58.56,287
2021.786301,61.59,61.96,58.25,59.44,284
2021.783562,59.09,61.8,59.09,61.44,283
2021.780822,59.4,60.24,58.25,59.07,282
2021.778082,59,59.5,58.49,58.93,281
2021.775342,58.07,60.25,58.05,59.15,280
2021.767123,59.9,60.78,57.86,58.33,277
2021.764384,59.9,60.74,57.75,60.37,276
2021.761644,65.05,65.05,58.89,59.12,275
2021.758904,63.65,65.4,63.62,64.72,274
2021.756164,62.98,64.49,62.31,63.4,273
2021.747945,61.85,63.84,61.1,62.04,270
2021.745205,62.9,62.92,60.3,61.74,269
2021.742466,62.5,63.2,61.34,62.88,268
2021.739726,65.26,65.77,61.63,61.92,267
2021.736986,64.1,65.06,63.6,64.37,266
2021.728767,60.74,64.16,59.92,62.94,263
2021.726027,60.5,61.16,59.13,60.54,262
2021.723288,60.36,60.75,59.81,60.6,261
2021.720548,60.63,61.4,59.85,60.16,260
2021.717808,59.1,61.05,58.5,60.68,259
2021.709589,59.35,60.2,59.02,59.48,256
2021.706849,59.29,60.84,58.31,59.31,255
2021.70411,59.64,61.44,58.74,59.86,254
2021.70137,61.5,61.98,59.28,59.85,253
2021.69863,61,62.69,60.86,61.07,252
2021.690411,63.13,63.15,60.6,60.92,249
2021.687671,62.75,63.12,61.88,62.75,248
2021.684932,62.3,63.35,61.94,62.45,247
2021.682192,62.55,62.88,61.61,61.99,246
2021.679452,61.4,63.19,61.4,62.31,245
2021.671233,61.32,62.45,61.12,61.32,242
2021.668493,60.35,61.75,59.55,61.52,241
2021.665753,60.6,61.9,59.6,60.12,240
2021.663014,60.95,60.95,59.9,60.76,239
2021.660274,60,61.01,59.87,60.76,238
2021.652055,57.03,59.95,56.87,59,235
2021.649315,56.33,57.6,55.64,56.86,234
2021.646575,56.78,57.12,55.81,56.54,233
2021.643836,55.54,56.86,55.27,56.64,232
2021.641096,54.14,56.39,54.14,55.34,231
2021.632877,53.9,54.88,53.45,54.38,228
2021.630137,56.44,57.1,52.51,53.5,227
2021.627397,57.33,58.08,55.34,57.13,226
2021.624658,58.19,58.25,56.98,57.23,225
2021.621918,55.25,58.25,55,58.16,224
2021.613699,56.32,56.41,55.15,55.38,221
2021.610959,58.07,58.18,55.9,56.26,220
2021.608219,57.25,58.2,55.95,57.78,219
2021.605479,56.83,57.6,56.59,57.41,218
2021.60274,56.9,57.42,55.88,56.62,217
2021.594521,56.1,56.97,56.1,56.66,214
2021.591781,55.45,56.2,54.63,55.98,213
2021.589041,54.5,55.63,54.15,55.46,212
2021.586301,54.42,55.17,54,54.19,211
2021.583562,53.19,55.21,53.08,54.43,210
2021.575342,53.96,54,52.8,53.33,207
2021.572603,54.14,54.35,53.02,54.05,206
2021.569863,53.11,54.28,52.92,53.84,205
2021.567123,53.25,53.78,52.79,52.91,204
2021.564384,50.98,53.36,50.56,53.2,203
2021.556164,50.14,50.97,49.99,50.89,200
2021.553425,52.05,52.29,50.05,50.79,199
2021.550685,51.17,52.3,50.89,52.14,198
2021.547945,52.42,52.58,50.5,51.21,197
2021.545205,52.69,53.97,51.97,52.41,196
2021.536986,52.88,53.65,52.29,52.89,193
2021.534247,52.48,53.57,51.88,52.97,192
2021.531507,53.09,55.46,51.64,53.37,191
2021.528767,51.83,53.3,51.25,52.85,190
2021.526027,54.23,54.25,51.5,51.71,189
2021.517808,52.68,54.45,52.59,54.26,186
2021.515068,52.7,53.25,50.87,52.35,185
2021.512329,53.5,54.99,52.39,52.62,184
2021.509589,58.02,58.31,52.2,54.02,183
2021.506849,57.53,58.4,57.41,57.87,182
2021.49863,57.89,58.41,57,57.35,179
2021.49589,56.6,58.64,56.58,57.65,178
2021.493151,55.4,56.68,55.22,56.37,177
2021.490411,55.6,56.2,55.1,55.64,176
2021.487671,55.25,55.94,54.58,55.5,175
2021.479452,55.19,55.82,54.86,55.05,172
2021.476712,54.65,55.35,54.28,55.09,171
2021.473973,53.6,54.85,53.5,54.67,170
2021.471233,52.57,53.49,52.24,53.41,169
2021.468493,51.78,52.99,51.61,52.42,168
2021.460274,51.31,52.09,51.2,51.9,165
2021.457534,51.09,51.4,50.35,50.91,164
2021.454795,51.4,52.42,50.75,51.34,163
2021.452055,52.63,52.65,51.05,51.4,162
2021.449315,52.9,53.99,52.37,52.9,161
2021.441096,52.8,53.85,52.38,52.67,158
2021.438356,53.25,53.97,52.64,53.78,157
2021.435616,52.47,54.19,52.35,53.51,156
2021.432877,51.78,52.63,51.54,52.17,155
2021.430137,49.39,52,49.3,51.47,154
2021.421918,50.72,51.5,49.26,49.97,151
2021.419178,51.64,52.66,50.13,50.24,150
2021.416438,52,52.25,50.83,51.4,149
2021.413699,51.9,53.3,51.7,52.41,148
2021.410959,51.63,52.03,51.25,51.7,147
2021.40274,51.6,52.4,50.22,51.03,144
2021.4,53,53.64,50.95,51.84,143
2021.39726,53.3,54.7,52.61,53.67,142
2021.394521,52.9,53.8,52.23,53.32,141
2021.391781,51.69,52.9,50.65,52.77,140
2021.383562,52.1,53.64,50.9,51.75,137
2021.380822,49.75,52.81,49.6,52.7,136
2021.378082,52.25,53.01,48.61,49.68,135
2021.375342,55.84,56.5,52.41,53.07,134
2021.372603,56.65,56.74,55.3,56.34,133
2021.364384,54.65,56.9,54.57,56.65,130
2021.361644,55.17,55.17,53.21,54.49,129
2021.358904,53.15,55.47,53.05,55.32,128
2021.356164,52.1,53.45,51.37,53.04,127
2021.353425,50.9,52.77,50.9,52.22,126
2021.345205,49.94,51.1,49.41,50.45,123
2021.342466,49.58,50.48,49.19,49.94,122
2021.339726,48.77,49.5,48.55,49.45,121
2021.336986,49.6,50.05,48.4,48.61,120
2021.334247,48.95,49.9,48.86,49.42,119
2021.326027,47.88,49.41,47.65,48.84,116
2021.323288,47.87,48.18,47.12,48.02,115
2021.320548,47.31,48.4,47.28,47.79,114
2021.317808,47.4,47.89,46.35,47.3,113
2021.315068,47.15,47.73,46.88,47.2,112
2021.306849,46.95,47.29,46.1,46.95,109
2021.30411,46.3,47.36,46.15,47.09,108
2021.30137,45,46.5,44.78,45.91,107
2021.29863,44.15,45.19,43.89,44.89,106
2021.29589,44.38,44.95,43.85,44.35,105
2021.287671,44.4,44.9,44.3,44.42,102
2021.284932,43.78,44.55,43.78,44.16,101
2021.282192,43.94,44.18,43.45,43.82,100
2021.279452,44.58,44.69,43.72,43.85,99
2021.276712,43.56,44.62,43.53,44.48,98
2021.268493,43.57,43.8,43.16,43.64,95
2021.265753,43.86,44.05,43.32,43.48,94
2021.263014,44.35,44.35,43.54,43.86,93
2021.260274,42.65,44.35,42.65,44.24,92
2021.257534,42.47,42.47,42.47,42.47,91
2021.246575,42.5,42.88,42.1,42.47,87
2021.243836,42.13,42.78,41.95,42.55,86
2021.241096,41.99,42.51,41.45,42.05,85
2021.238356,41.59,42.31,40.8,41.85,84
2021.230137,40.49,41.85,40.18,41.73,81
2021.227397,41.5,41.69,39.63,40.35,80
2021.224658,41.5,41.69,40.73,41.6,79
2021.221918,42.72,42.85,41.32,41.43,78
2021.219178,41.8,43,41.69,42.84,77
2021.210959,41.87,42.32,41.2,41.97,74
2021.208219,43,43.77,42.2,42.4,73
2021.205479,42,43.07,41.65,42.99,72
2021.20274,42.43,42.64,41.53,41.6,71
2021.2,42.85,43.36,42.06,42.39,70
2021.191781,41.8,42.9,41.5,42.85,67
2021.189041,41.69,42.67,41.02,41.93,66
2021.186301,40.83,41.85,40.5,41.54,65
2021.183562,39.13,40.83,39.01,40.65,64
2021.180822,39.2,39.44,38.31,39.13,63
2021.172603,38.17,39.12,37.75,39.02,60
2021.169863,37.54,38.43,36.65,38.16,59
2021.167123,38.39,38.45,37.11,37.47,58
2021.164384,36.97,38.45,36.83,38.35,57
2021.161644,37.44,38.21,37.05,37.13,56
2021.153425,37.85,38.1,37.22,37.28,53
2021.150685,39.51,39.68,38.13,38.26,52
2021.147945,38.5,39.36,38.2,39.15,51
2021.145205,37.97,38.75,37.41,38.67,50
2021.142466,37.4,38.15,36.5,37.96,49
2021.134247,38.27,38.69,37.35,37.4,46
2021.131507,38.18,38.86,37.75,38.32,45
2021.128767,38.9,39.42,38.04,38.09,44
2021.126027,39.54,40.53,38.75,38.86,43
2021.123288,40.19,40.64,39.43,39.52,42
2021.115068,37.69,40.25,37.06,40.02,39
2021.112329,39.23,40.12,38.3,38.76,38
2021.109589,38.2,39.72,37.56,39.33,37
2021.106849,38.1,38.73,37.55,38.26,36
2021.10411,39.2,39.8,38.46,38.61,35
2021.09589,37.4,38.73,37.2,38.2,32
2021.093151,37.55,38.25,36.57,37.27,31
2021.090411,35.05,37.85,34.78,37.43,30
2021.087671,33.01,35.2,33,34.97,29
2021.084932,32.95,33.4,32.56,32.85,28
2021.076712,33.95,33.95,32.91,32.95,25
2021.073973,33.56,33.97,32.89,33.95,24
2021.071233,33.34,33.45,32.22,33.28,23
2021.068493,33.05,33.6,32.81,33.35,22
2021.065753,34.5,34.69,33.08,33.16,21
2021.057534,34.25,34.29,33.54,34.24,18
2021.054795,32.95,34.2,32.56,34.11,17
2021.052055,33.33,33.7,32.68,32.91,16
2021.049315,31.71,33.12,31.71,33.09,15
2021.046575,31.62,32.32,31.29,31.62,14
2021.038356,33.49,33.49,31.62,31.74,11
2021.035616,33.49,33.92,32.76,33.53,10
2021.032877,34.57,34.66,33.07,33.65,9
2021.030137,34.35,35.42,34.08,34.66,8
2021.027397,35.16,35.2,34.15,34.53,7
2021.019178,35,35.2,34.29,34.92,4
2021.016438,33.82,34.86,33.82,34.76,3
2021.013699,33.14,33.71,32.83,33.63,2
2021.010959,33.75,33.75,32.75,32.96,1
2021.008219,32.7,34.25,32.7,33.69,0
