year,z1 rho 0.1,z1 rho 0.5 ,z1 rho 2.5,z2 rho 0.1,z2 rho 0.5,z2 rho 2.5,z3 rho 0.1,z3 rho 0.5,z3 rho 2.5,z4 rho 0.1,z4 rho 0.5,z4 rho 2.5,z5 rho 0.1,z5 rho 0.5,z5 rho 2.5
0,30,30,30,30,30,30,30,30,30,30,30,30,30,30,30
1,24.03066185,8.688325321,-15.7892851,30.7857914,19.07953699,-14.8791133,21.24033114,5.315034789,-13.55923177,31.44689228,24.21100938,8.356937668,24.97602682,11.89350625,-11.0114244
2,24.10999743,10.48629942,17.77653796,30.08572403,12.96106208,-4.921197785,18.92495762,-0.129985562,-10.6710951,13.56615334,-15.60416193,-33.57233443,15.8622196,-8.291488109,-22.53709447
3,32.28134184,20.00867882,-0.89859534,37.40061998,21.5029045,-1.273075977,18.33930413,0.65624348,-0.42692693,5.297747004,-26.85129137,-33.89747244,8.683861487,-20.28563374,-28.53813119
4,20.48347622,-7.502371242,-26.31624447,37.79278144,16.99324126,-5.354966751,11.56172184,-10.29791664,-7.646700766,-6.279387409,-38.03887951,-23.1775422,3.138570215,-24.20165007,-18.94489344
5,20.422058,-2.965439946,-2.045088863,32.98376048,6.175922205,-5.187657009,17.09121513,0.461205055,-16.09504203,-6.910179107,-24.99624451,3.136385512,-0.207365129,-23.51513317,-18.37998427
6,25.60240892,10.17363038,11.29537143,25.94567502,-7.946078936,-23.61682696,20.30104147,5.52760436,-7.328054326,-3.266178978,-14.02668227,-12.34386896,9.766045251,1.486391957,12.3819312
7,17.01472878,-8.189651874,-20.76543577,26.58818012,-0.362375466,6.975931605,30.10702675,26.86800188,37.48845714,-7.745463675,-18.85107588,-12.98041405,-0.689715238,-22.34559934,-45.63226191
8,5.434812071,-23.77837167,-15.68094288,26.35608675,0.902497828,-5.10980868,31.50420013,18.96297378,-10.88016522,-17.01107448,-29.90692817,-12.42911439,-4.630022192,-25.43544115,-27.64119678
9,-0.823803807,-29.87388763,-32.55700091,15.60238346,-19.95370555,-38.07390837,28.39516639,8.203502568,-11.46060205,-14.51626751,-20.91817849,-19.47828557,-8.899164415,-28.54810119,-30.28427185
10,4.153971669,-11.23780542,0.640587545,25.27987917,6.478301484,16.27350357,9.095015062,-28.16824236,-38.5928036,-25.20626948,-38.36968544,-42.92668737,-4.169254119,-13.92137825,-12.72332832
11,7.113028271,-6.088700069,-19.38564215,11.09635883,-21.37474916,-33.55517824,-5.08780993,-45.05707826,-39.78375254,-23.8683124,-29.07840881,-16.63339063,-1.915088639,-8.671994545,-12.80856835
12,7.06378567,-4.637416663,-8.154778171,8.233956282,-19.28416782,-14.95479058,-9.499391401,-39.29513372,-23.55370285,-27.71071601,-32.1453679,-26.33922117,-0.667488978,-5.083757825,1.060863186
13,3.298048543,-13.6535184,-30.6776476,7.00408638,-13.89946523,-3.074690506,-11.35599519,-32.4236388,-21.31173308,-42.20638229,-51.15122554,-27.6638845,-0.26545665,-5.428388874,-12.41797307
14,3.748040054,-8.247744259,-2.375741322,-9.407578011,-40.58137166,-44.55763594,-16.51584147,-36.49540503,-36.2508834,-37.37362102,-31.83317237,-4.862282722,1.034217336,-7.658779933,-28.20803015
15,12.35109961,8.885941553,11.94973283,-13.20008465,-38.41586382,-34.49116962,-7.508345181,-11.89545936,-2.125763842,-42.68236969,-39.08150121,-27.08716093,-8.544615318,-25.4390803,-31.55979827
16,16.11874467,9.689130518,-9.193088951,-14.12287377,-30.12514873,-8.120163034,1.327831063,4.266746567,3.137026113,-42.4883161,-32.78044302,-11.79284983,-6.203738862,-16.32727807,-13.32261864
17,8.947743128,-8.923513088,-24.33408654,-14.48240974,-25.2718003,-20.6285667,11.69272272,18.50681458,7.784138766,-39.9190747,-29.06539992,-34.02768105,-2.057027315,-6.609696341,-4.408558701
18,6.346746656,-14.23398926,-30.34256305,-12.38448795,-14.76749744,1.558488119,10.48115568,6.427765798,-20.10147699,-45.56292514,-37.46878549,-25.77695752,12.81610531,20.81669585,19.85259381
19,8.054753366,-9.132405677,-20.5247691,-4.991042,0.395573875,9.967700676,3.261087481,-11.38703899,-30.08027099,-42.8632498,-28.07687806,-11.75502158,-0.27005707,-11.78316912,-28.57689268
20,9.681075874,-4.840047743,-12.43049603,-9.31618889,-11.36296171,-13.46594696,3.535108968,-7.363825888,-2.029144283,-42.52556771,-26.72953508,-17.11300363,-8.31461979,-23.56894221,-18.66613416
21,9.061614798,-8.705792592,-30.67891636,-8.649092361,-11.09917915,-15.91801986,4.14990669,-7.669666284,-20.71566653,-50.03665838,-40.38772616,-33.1450987,0.481602453,-2.520400646,3.31680739
22,4.362477658,-14.2571253,-11.43930881,-6.058912575,-3.929030215,4.851636263,6.122326553,-6.689171535,-24.51164464,-51.47596721,-40.16792047,-30.56678258,1.129862762,-4.655304386,-16.58702842
23,5.434928733,-10.26972976,-14.47519715,-10.30841417,-16.36145575,-29.7660909,3.742969828,-8.732915553,-1.46500801,-51.33287123,-36.92145891,-26.0996985,4.683669289,2.093221486,2.90559162
25,-5.890199728,-32.24668188,-55.1711276,-6.153128412,-2.274191367,-0.045249769,-1.644253303,-13.50927263,-7.61824349,-36.02688184,-11.32190624,-11.10562381,-5.768445957,-19.78866717,-24.10580926
27,0.25578757,-9.024012824,-3.730484727,-12.36045651,-18.10978777,-22.00734392,-0.640055087,-3.551819097,0.124812745,-35.56982804,-20.03589016,-11.54508199,-16.84045098,-31.94174116,-26.24589009
29,-4.295123405,-13.64186678,-10.94508999,-5.692573974,-6.939981684,-21.80046936,9.638482314,9.355501168,5.403977212,-37.1241709,-22.37125214,-14.78069141,-15.01717338,-14.9565056,4.503376689
30,-15.13823044,-30.03758794,-21.88611452,-13.20877663,-23.16598743,-30.76888452,9.646983765,5.846698791,-2.972782292,-47.22907762,-40.32054397,-28.85262991,-21.59484483,-30.15984114,-40.95772791
32,-9.252722009,-11.2425519,-2.064618175,-11.19604742,-10.34833755,-2.21286589,3.41664081,-4.049249799,-2.96330777,-46.9245996,-31.78426827,-23.08432798,-15.41168604,-8.055931661,4.742301215
33,-13.43034216,-18.3957259,-14.91081956,-17.88749345,-22.90488621,-22.43189194,-5.487199853,-20.88819317,-26.30092746,-40.3610466,-19.57409861,-11.04317829,-20.76265117,-18.7907189,-15.38668597
34,-22.96666645,-33.85604667,-30.3564148,-18.97032622,-25.89066354,-39.12202658,-10.23518038,-25.49107466,-23.54667257,-43.85845676,-29.9608839,-32.43180001,-20.27147733,-16.86392779,-11.09691986
35,-19.24534029,-20.58846325,-4.170572752,-19.51254337,-22.38220298,-12.06036524,-14.27822239,-28.9699894,-30.7057519,-36.5098828,-13.39983882,7.163524274,-20.04551233,-17.30654822,-16.69272788
36,-18.08688151,-16.12282451,-6.638363954,-25.44026922,-31.3351866,-27.00739997,-9.126516987,-12.12830527,0.501495401,-32.81272329,-11.75726424,-14.71175551,-4.880337743,11.88432978,17.46876422
37,-20.84868863,-20.25403273,-16.0394835,-25.72889456,-28.93357557,-31.82638421,0.019884143,6.941988356,20.69173959,-22.28945068,4.843263734,8.572169413,-8.152390672,-3.293269602,-21.84554952
38,-18.72344021,-18.59633052,-29.60256883,-32.04720973,-39.57545021,-43.53800602,-8.709637376,-15.49308682,-26.62946509,-34.4485223,-25.85409671,-33.1544333,-16.22948411,-22.99356102,-38.68205207
39,-15.61482763,-16.07449558,-36.41362924,-26.70958299,-22.45786808,-7.896793429,-3.990415638,-7.079862464,-16.49789123,-25.4911044,-6.612355495,8.625826765,-17.30749264,-21.39558568,-17.20312101
40,-12.48281484,-9.479199651,-5.572514112,-11.34633363,7.018647336,14.13701078,-0.980509707,-2.65031814,-8.554169101,-21.57852945,-4.620561106,-8.59226291,-10.84492227,-7.671320542,-2.167140892
41,-25.46723922,-33.87854397,-32.29394499,-9.072068086,1.98342765,-14.9071103,-5.07728311,-9.234124692,-1.06974877,-31.14216309,-27.91650585,-34.04579626,-4.292760023,2.379636635,-5.293703422
42,-18.68628394,-13.40905579,13.66358033,-16.70876458,-17.7747055,-34.00792681,-0.32156986,-1.447381502,-5.271969262,-28.57897857,-19.88300973,-5.447411059,-8.458135864,-9.485617383,-14.21506993
43,-31.49349516,-40.81243903,-53.01793454,-16.40556542,-17.53415076,-20.383475,-9.12234522,-20.57894358,-26.47665717,-36.31081431,-32.15177681,-15.62857193,-3.936140223,-4.372657749,-17.81322845
44,-32.13256225,-33.2986919,-15.31312234,-26.83741982,-34.98278071,-26.4303518,-1.71895962,-3.909171784,-3.272948369,-40.48555939,-37.39668344,-30.5203345,-4.541332193,-5.264010271,1.437726146
45,-40.19377444,-45.08220525,-40.72575782,-37.09052291,-47.03945189,-30.668156,-5.674331714,-13.34179418,-18.73986699,-25.78583143,-5.708369345,7.389878246,-1.784349008,-0.594981034,1.923474864
46,-31.98308333,-22.44617497,-5.981086359,-28.31050241,-21.57595078,-1.439663505,-6.135673964,-11.73496624,-5.001482216,-18.83934685,-1.270004707,-18.54302747,-4.815030365,-9.911101403,-20.50973575
47,-35.95520444,-29.52292754,-26.07864151,-26.51704293,-16.48431703,-5.190900849,-8.095557204,-15.95822934,-23.97877294,-21.02577095,-11.31851862,-21.14757967,-15.58118254,-33.27254099,-53.17628693
48,-32.1801822,-19.07421431,-2.501092422,-33.22479218,-31.2708597,-35.16530662,-16.40282023,-29.20351474,-28.25445726,-24.47078211,-19.06818744,-18.05975022,-3.933878487,-4.60394701,4.713680409
49,-34.75837482,-25.54707643,-26.36297816,-37.44078406,-35.40594903,-27.81812455,-16.10828832,-21.53513888,-4.257286631,-35.02252199,-39.17727669,-37.02106123,-0.796666832,-0.53464226,-4.396672905
50,-32.68753293,-20.08275527,-10.32587289,-28.28522382,-13.90880204,2.027307932,-9.945090554,-8.941535039,-9.869617597,-45.11870049,-52.47765927,-43.39264266,-5.057340449,-12.47210165,-26.7319676
53,-27.90594334,-13.20467472,-6.240933876,-21.71339532,-1.476875463,8.025667076,-8.917520072,-11.01374063,-12.50626679,-35.35487826,-19.56591617,-7.137942262,-2.866189747,-13.44911871,-25.06665508
54,-44.83862943,-47.44374858,-48.90195943,-15.81694986,4.120395255,5.432760486,-21.34597231,-34.18042464,-33.68576416,-33.55052142,-16.66331902,-6.962468758,4.301766038,1.203295309,2.016136232
55,-45.07518083,-39.57403055,-19.81630219,-21.42111148,-12.99447192,-18.49845662,-11.75825606,-8.028192892,14.9385149,-34.78602989,-20.26102268,-13.34174073,-16.61844654,-39.00723282,-41.47338977
56,-40.7480649,-26.79499001,-9.787027342,-13.56545928,-1.206060618,-3.5900359,-12.64698622,-14.0859735,-29.79443426,-30.85851538,-14.63701387,-12.51517386,-15.64969758,-29.06100987,-21.09302486
57,-41.6919506,-27.60060454,-15.78006375,-14.9124925,-8.385100004,-9.673082865,-26.12311021,-38.17309683,-37.12742136,-27.26258896,-8.999151389,-1.842636456,-13.15573842,-20.38963003,-20.59104182
60,-57.64754027,-47.58586538,-26.16791573,-11.97085084,-14.07085059,-23.59801399,-25.88414651,-25.62653249,-24.8069869,-18.9575504,-7.971643635,-14.44462714,-6.574664707,-11.27231221,-29.33477232
61,-53.4960684,-34.71701726,-19.7677371,-13.53928005,-16.13840523,-17.97354869,-27.03598706,-26.20815308,-25.52407945,-6.579065765,11.54167333,8.718130473,-15.8971286,-26.59741047,-23.47905082
62,-62.50461374,-51.06433019,-45.58656612,-13.29068532,-15.72869446,-20.61507374,-26.93324061,-22.78103353,-12.95004759,2.032678269,17.73425792,0.577469101,-12.71780585,-15.59873067,-6.109277807
63,-58.52985853,-36.66450016,-15.43168801,-8.547840575,-8.177421776,-16.16879487,-32.54986948,-32.95994592,-33.76714808,3.569472078,13.35879462,6.624134797,-9.617965801,-9.690567255,-9.471050065
64,-52.39508624,-24.92275437,-14.98480924,-15.61572375,-24.01282674,-32.89054935,-35.51587102,-33.09991677,-18.09671634,-4.253543417,-11.67830348,-45.1943913,-9.186606073,-9.251503918,-6.921060682
67,-35.25465907,-9.257894889,-17.92840271,-25.93057987,-32.22982406,-27.60316857,-28.22759105,-23.2599541,-23.57697924,-6.808868021,-17.90919507,-15.81614803,-2.524884541,2.717939905,1.303882865
68,-34.7949738,-15.41139935,-27.42389023,-25.16146295,-26.13682011,-18.86456365,-29.70337432,-25.33484476,-24.84283253,-16.3921505,-34.35609118,-42.00732781,5.167739511,10.98814437,-1.192006576
69,-39.46400079,-27.75627893,-29.63767435,-23.42360174,-20.20479475,-15.12871889,-22.5738798,-13.64146998,-22.67529235,-9.631481826,-15.63690014,-13.03337974,0.773244726,-5.630051371,-28.80658114
70,-35.733472,-18.67595373,-3.137597708,-14.77023508,-2.46737246,6.593023926,-18.45202579,-7.542460244,-6.456063593,-12.42675794,-19.06010269,-17.20162236,9.994760322,8.922302193,-5.210586825
71,-36.41957767,-21.80194818,-16.69811211,-21.45265685,-20.9890379,-36.19837495,-20.07940396,-13.05773493,-11.37377005,-17.84370903,-27.31887024,-29.0908322,10.305008,2.395621508,-20.74340592
72,-37.24412711,-25.21154816,-26.24585735,-13.61373331,-3.857218205,3.370260413,-14.83383526,-5.998107646,-8.048062054,-19.68446776,-26.49430849,-21.098105,21.57373903,21.63186486,16.35712185
73,-25.73316741,-3.797014176,1.761955084,-7.005235309,5.602729665,8.403965819,-15.5299308,-9.139928957,-8.730540936,-14.21597411,-9.976529584,13.54957178,21.74972646,13.29548859,-12.44513809
74,-19.62925805,2.317021358,2.490959117,-9.392061659,-6.29870441,-20.06586965,-2.212668366,12.50476901,4.967011153,-11.32497446,-6.718626819,-5.013233325,24.17771304,11.4420694,-13.1850351
75,-25.41492853,-17.68188746,-35.69775493,-20.39095918,-31.07936456,-47.30904456,-0.897688601,5.585135642,-13.26410532,-17.25224166,-20.27623484,-24.64818068,22.8943143,5.98425982,-7.212993094
76,-13.94250737,4.029078639,11.78032606,-29.99360013,-41.28649842,-25.80583485,-2.391028278,-3.914345669,-24.76583717,-13.38125401,-9.093962277,5.356793821,14.26690896,-12.13035538,-23.5075702
77,-12.95327451,2.055943786,7.841327866,-19.15125282,-14.9895647,-6.378130332,-8.005897209,-16.59687772,-26.51683418,-16.7306335,-16.27861952,-12.14313791,8.315571786,-19.82259461,-27.52561365
78,-10.51327989,0.845783536,-3.067448546,-15.78415214,-6.738308467,6.272037279,-13.49505857,-25.35571353,-25.92021907,-22.32043791,-26.31394159,-24.71169877,15.78516338,-0.992444166,-2.760316998
79,-4.221359238,7.55024327,2.938130643,-22.70295293,-23.1917244,-25.00828505,-4.779836721,-5.955386872,-1.73281317,-15.15392906,-9.645270742,1.291473217,1.890540039,-27.47838801,-41.95398844
80,3.122062557,16.44306286,15.34151844,-21.62685942,-18.59393058,-11.40396802,1.70176898,6.941774359,15.86637898,-6.943897057,3.144076222,-0.866414436,3.393522851,-15.128974,-0.199914693
81,9.88122704,20.26326444,8.630076963,-21.73177175,-19.17338742,-21.87639686,-1.426855876,-5.007250546,-19.10406823,-7.433577499,-4.975945983,-22.22153458,7.7717949,-4.309365957,-6.194566854
82,2.847769074,-4.663055184,-37.45485711,-11.00816506,0.143398407,-3.021027355,-0.238124544,-3.882046158,-9.163242181,-22.29959899,-34.54344686,-36.6157327,-0.504326889,-21.55287117,-36.49789039
83,-5.19483031,-22.13134676,-38.66990038,-13.78130743,-9.452238399,-13.69629602,-5.993709561,-14.67701543,-13.56796311,-25.76233517,-32.52767101,-13.44989506,12.37432479,8.343705288,13.7525804
84,-17.41966407,-39.23978693,-32.35464722,-18.86082331,-21.9876915,-29.07527281,-8.670906269,-19.179185,-24.86688278,-20.21162665,-16.02701812,2.752763781,24.88792805,25.11798537,5.18152247
85,-10.62272221,-19.38257208,-14.30578018,-28.67497078,-38.86373522,-39.49420481,-5.980641194,-9.951887743,0.318231497,-26.27939504,-28.54919842,-33.63402275,43.64066221,53.23157732,42.70170366
86,-15.88066069,-27.19638771,-30.55545981,-31.3710829,-38.9891061,-33.35206999,-4.614692867,-8.525134362,-15.13518247,-10.2328321,3.693451588,7.103313225,36.15499847,20.70497026,-30.17419866
87,-10.21235494,-13.34516104,-13.54187961,-39.14477533,-47.27175653,-41.3104712,-9.603170052,-20.47705121,-34.10403258,0.750152977,16.91843048,7.241661578,33.05973065,8.724081782,-20.86680205
88,-8.21319879,-9.196837481,-8.900060256,-40.36054326,-40.49168653,-19.06110978,-20.67884795,-38.64123655,-42.33503399,-0.73906931,7.957857976,10.11529295,38.11928287,16.23641485,-3.665932793
89,-1.274126429,4.082189952,6.518314427,-38.1867501,-31.55239314,-23.56866775,-23.06586426,-36.54601307,-35.43839578,-5.538771984,-6.850821531,-13.60806865,27.33935211,-8.923786139,-37.82825489
90,-6.557289958,-12.93835535,-33.61901795,-30.78210044,-14.49888207,-2.237688599,-19.34565624,-20.0520952,3.716947086,-3.592435875,-3.752081955,-0.994037636,29.15681834,-3.289811536,-22.78424336
91,-1.68801871,-5.55600934,-19.02646588,-23.1173869,-2.79637487,1.391759075,-22.89229789,-24.49054434,-19.07523866,-6.621055265,-9.202465757,-4.028179306,18.50394537,-18.79776346,-21.66929592
92,12.92708387,20.57890301,15.1316349,-26.77585955,-16.50049597,-29.28852639,-18.58428244,-14.63724867,-11.48549273,-12.09305073,-19.06273873,-17.82537757,16.74961467,-14.00692674,-8.724182978
93,18.85439576,24.85566394,19.89435762,-29.60482946,-25.49138811,-34.84188497,-27.10749098,-31.56753918,-37.39680045,-9.821218145,-13.31822711,-10.21425634,14.27440038,-12.44786882,-9.711244781
94,-0.410146609,-20.03254352,-40.25456058,-21.74518898,-8.524999283,0.584911943,-28.82875358,-29.6156168,-18.57492017,0.774457809,6.881004422,11.29185313,11.52045175,-13.29509884,-13.61630896
95,-5.593125195,-24.50182869,-18.66937872,-22.89923674,-12.86944072,-7.42125102,-26.83207098,-23.40032474,-19.16356815,9.065153147,17.00171797,8.918944466,21.54533438,11.70437416,24.02445742
96,-9.302620496,-27.23940262,-29.19908347,-18.64616242,-7.907015236,-9.276249037,-26.16366441,-20.07207249,-10.71249963,-6.971619467,-21.09759553,-41.95279771,29.49798045,23.98174584,17.20359537
97,-10.2268653,-23.27648568,-19.36742456,-4.31484047,14.45492111,9.313995073,-27.31912725,-22.55380642,-20.79969432,-7.35877585,-19.79324031,-24.56255837,32.18280042,21.99681315,0.930938707
98,-3.369148602,-7.702997385,-7.741166553,-0.494367934,9.705522378,-14.36925439,-26.2204503,-21.24424253,-23.4187454,-5.094088378,-12.15684254,-9.392758927,20.40906218,-5.615467828,-30.00702686
99,-1.613187189,-5.607754358,-7.911353856,-2.796537341,0.167243258,-6.462788477,-22.54948435,-13.56713939,-9.236674845,-11.12989173,-21.01274401,-14.88929574,22.49417898,-0.786099112,-12.5501509
100,-7.894095784,-18.49145909,-21.19756803,-5.819419966,-10.04110451,-24.71356938,-25.53208339,-21.86241245,-29.25935088,-13.32139967,-22.55254904,-23.79352419,18.30747913,-7.417541628,-14.09331564
101,-14.64399368,-29.78083402,-34.7624031,-3.133412041,-4.219049284,-1.287772506,-39.92502829,-48.75191166,-51.44870531,-19.79640958,-32.92447844,-38.65134767,28.03257268,14.0628672,11.88757136
102,-16.86525733,-29.44207953,-30.33293992,0.557996892,-0.103796358,-7.77745464,-31.65896505,-24.99964672,-9.786273121,-11.58721436,-9.197041515,14.09593136,33.16060875,18.92747313,0.579327658
103,-16.08610704,-21.61216484,-8.466099633,-1.207067315,-5.066994034,-8.895205332,-26.1000275,-14.41646116,-9.414048676,-11.56008303,-9.296386095,-0.200892651,33.3869831,13.60232454,-8.56278915
104,-12.41443076,-11.05483315,-0.643766922,4.776840708,5.467972194,5.548313909,-34.18772517,-28.67178653,-12.36083251,-20.27144008,-26.40852079,-25.4207322,37.53108113,18.30504394,-0.898085992
105,2.625080745,14.49590127,8.436357198,2.248471771,-3.136066873,-6.832653632,-36.87862285,-32.42058873,-28.0884732,-21.72489026,-24.23242352,-8.638236127,34.6422856,8.854715911,-11.46413171
106,13.28912428,25.66288563,10.67550628,-6.179713195,-19.87820568,-21.4139371,-44.53320036,-42.02170877,-23.89619274,-15.3631684,-6.678621073,16.67475113,30.51879923,0.445711875,-15.42314596
107,6.455532128,1.043699249,-25.07991039,-2.658578886,-10.30635536,-14.07931325,-49.92493245,-47.5307055,-36.33552563,-12.48880505,-3.502069455,1.199105887,18.14365497,-19.85384555,-28.04203926
119,-28.28196512,-40.68578664,-34.07780195,-27.01570228,-24.45380201,-31.15581387,-39.24455856,-11.47747004,3.084803343,-30.57750855,-23.41901899,-15.16938962,-30.24192373,-60.3383972,-46.11429461
120,-19.71308729,-18.91491216,-13.69010694,-28.86392726,-26.75406551,-26.16242032,-27.77490638,4.805292852,7.975084615,-18.51773088,-2.010721448,-1.656307214,-19.99616554,-25.41581924,1.275273115
121,-18.21094117,-14.65597137,-8.574972545,-39.92088026,-41.83124891,-22.92475787,-24.43557561,2.715782516,0.563535712,-14.48098878,1.178341219,0.509230434,-17.37323116,-17.59119106,-10.82031047
122,-25.03043844,-27.82287674,-27.46225056,-38.44376061,-34.39417409,-26.95469394,-10.75520645,20.21394689,17.21401467,-22.27731508,-18.22771021,-20.71618715,-20.14795366,-20.5918337,-14.15457567
123,-26.10126956,-28.06415811,-28.8523247,-35.54154568,-27.09631646,-25.51745343,-10.91420668,6.285371125,-15.11328781,-13.67972941,-1.382537768,3.650896199,-14.33243651,-6.803685676,5.939481912
124,-27.8747831,-30.61176767,-37.69741699,-23.39539234,-1.580940454,13.28060209,-5.513374681,5.495866887,-23.39444946,-20.58374836,-18.52537531,-20.69596786,-20.42243097,-19.52825315,-13.3490878
125,-29.70329841,-33.12380578,-42.65404161,-29.54320822,-20.93874659,-34.76073217,-3.031576085,4.013648545,-8.848790349,-18.77837544,-11.80685879,7.331958051,-29.04004992,-33.59564887,-26.4651541
126,-20.20959486,-11.4063198,-5.792733514,-27.53172518,-16.98819831,-14.33668284,2.421571163,8.077200804,-3.634721596,-14.74411624,-7.123937648,-11.27065713,-28.8290353,-28.60495828,-22.50689749
127,-18.79524369,-11.08095959,-11.06929509,-31.48138989,-23.93850456,-13.35016563,-8.794401829,-18.91870981,-34.18135921,-12.60666063,-6.278755146,-10.74231767,-37.67104861,-43.69885103,-40.74941695
128,-18.83229701,-14.03121853,-18.33514834,-19.52274382,-2.465887785,-5.722330774,-6.643174064,-10.71468909,-5.845391835,-11.78812242,-9.044916813,-20.26302078,-30.47573817,-22.72178807,-5.548425054
129,-15.62589403,-10.11715862,-14.20595997,-20.56195301,-9.67544839,-14.14840593,-0.94387447,-0.331405172,-4.365088765,-22.11435681,-31.62290986,-40.79518468,-29.04466843,-20.49450483,-21.34017936
130,-19.15582591,-20.66201699,-33.24624634,-24.14704895,-19.91533845,-24.77808669,-4.863705025,-10.72753807,-19.78812467,-20.32911487,-22.21719587,-12.67059839,-29.49573218,-23.43464899,-32.31209843
131,-12.73069721,-7.469906017,-4.141361397,-24.96136493,-22.78021328,-30.08425926,2.062772511,2.544672967,1.723844413,-28.87784833,-35.07907573,-28.99843075,-31.91670081,-28.65061057,-34.4268899
132,-16.4920357,-16.30016572,-13.51041026,-17.30377342,-7.007364045,1.241062494,-7.685715851,-19.2127805,-27.85201774,-20.52263857,-15.03734662,-6.739443136,-36.35749913,-34.94425336,-29.18394379
133,-18.06291997,-19.72199751,-21.85095942,-15.2928521,-4.489790673,4.175944666,-7.461416283,-14.11679245,-5.718426809,-14.57841129,-4.503785463,-0.628844396,-41.99569462,-41.52154771,-33.53556444
134,-9.989779252,-3.624708778,0.515061664,-12.82430716,-3.728582444,-4.894589661,-11.30268507,-17.86363997,-3.580567582,-15.11813139,-10.12232923,-19.69851108,-47.82597087,-45.2150021,-25.47144038
135,-8.448259317,-3.307928577,-4.555141465,-21.04291193,-24.20614617,-39.06503113,-12.8318981,-16.42527018,-2.837020122,-7.450461281,1.591141632,-5.43298243,-47.13804828,-38.6554254,-24.36306763
136,-15.65032914,-20.06679756,-25.45746858,-11.02989091,-3.280433079,0.07100557,-12.37553192,-13.90544629,-8.846077736,2.798228235,14.36755587,-1.90181981,-38.80098058,-23.06995759,-25.93616447
137,-8.482437669,-4.092874066,3.801339691,-10.91110697,-9.89794701,-30.75596151,-0.711081017,8.059436668,8.352631521,5.061606723,10.20173463,-7.706949588,-42.33682662,-31.61912627,-31.51601657
138,-17.51862611,-25.70060511,-42.34805279,-17.91521039,-21.84802371,-15.8361227,-0.057834437,1.315473899,-20.11707011,2.311669715,-1.27580438,-19.62602665,-36.7460777,-17.91839345,-2.586097299
139,-19.09017888,-26.11866033,-30.19980044,-9.87298374,-6.703103675,-10.30839424,2.234704727,3.023542656,-2.185532464,3.609037565,-0.605302953,-6.582458737,-26.63077085,-0.688510738,6.202763288
140,-21.41373516,-27.71474565,-29.33501791,-6.702338814,-1.596294982,-0.764047162,7.046851733,7.917724674,1.253216587,-0.644599912,-10.50202754,-19.21499539,-16.64041501,10.04649275,5.843660453
141,-25.44058545,-30.67756157,-20.42557222,-6.110512853,-2.989335186,-0.619017688,18.41861475,21.52078647,5.126265791,0.71176426,-3.716263971,12.56236266,-23.28092762,-10.52381461,-17.55190908
142,-26.70354898,-27.19729774,-12.24506377,0.601722252,6.362495685,3.493951323,20.59828265,17.93608317,1.862233227,-9.096991053,-24.21757286,-31.84514225,-41.53082852,-45.47261006,-42.30419641
143,-28.18279154,-27.69887088,-23.08696823,-6.108387557,-11.1153036,-20.54127328,23.70042194,18.73706767,8.078055007,-7.910695754,-19.12087205,-22.85850771,-43.74392998,-43.87588818,-38.04162014
144,-33.36127232,-33.57785344,-21.42362987,-10.04257318,-17.32462681,-13.97768435,25.18868754,16.39375661,7.022944031,-6.490088751,-14.43690188,-16.25986339,-28.16675843,-9.41356074,1.887648295
145,-30.99849426,-25.82610337,-20.22509549,-11.5405776,-19.15038025,-20.65671571,30.97828743,24.41637415,19.78854778,-4.127582032,-7.288079987,3.817728494,-24.66023585,-7.893899103,-12.07154579
146,-28.31275168,-21.89447887,-28.32040087,-4.602810621,-4.414127067,-2.438607194,18.69265047,-7.274618167,-39.41883414,-7.187441345,-13.40404537,-16.55534123,-20.93509213,-4.223059051,-2.457129385
147,-26.14271873,-17.27981955,-12.51165841,-10.27912297,-18.34120019,-25.37276841,5.521504065,-29.15363342,-37.43550227,-2.923055551,-5.086519527,-9.151376028,-18.69298506,-7.496374972,-25.05918643
148,-16.25363544,1.635585688,13.01077566,-22.40702338,-37.88627011,-37.46183709,7.476893344,-15.92454194,-5.888201349,2.201192241,2.171751423,-3.702073178,-23.57300263,-19.68225314,-20.5011445
149,-18.43558869,-6.1214712,-3.128334483,-28.72821041,-41.04462122,-25.9793799,7.573009576,-12.24654494,-12.82589678,-1.843800292,-9.411043766,-19.84129967,-30.11889001,-30.96748833,-31.15383585
150,-26.64361578,-24.12980319,-23.85271722,-22.80491224,-22.64516573,-8.362123854,-3.450713603,-29.55402819,-33.57738294,-1.880591314,-9.358338547,-9.230958575,-14.60477529,-0.5319831,0.011322044
151,-24.25457105,-17.94244009,-12.81992991,-21.08249061,-14.78515448,3.762219055,-12.72504696,-37.37777325,-19.34528742,-3.975523271,-11.96460011,-8.225546184,-10.55250912,2.316005685,-0.518580486
152,-30.95146335,-31.76206474,-32.62584296,-22.20965908,-18.46522699,-22.70324286,-13.5217507,-28.77635253,-13.82535559,-11.82612497,-25.41822999,-26.63461623,-8.488931064,0.979071809,-4.492279637
153,-30.98658647,-28.02468737,-19.8639303,-20.67973832,-15.71987267,-15.42072898,-6.876527508,-8.341944778,12.05517666,-4.134470242,-6.559222667,0.902099866,-4.031835701,2.567378031,-12.34449067
154,-27.23939417,-20.25409804,-23.90476567,-17.47961627,-11.02833831,-12.07718008,-6.026915198,-6.043119963,1.259211198,-9.572345907,-17.56198313,-19.38156982,0.418696035,6.240625221,-0.310214392
155,-27.94783986,-21.41015583,-14.96758956,-22.90646173,-22.9942973,-24.4794949,-5.347867006,-7.412567547,-11.36041797,-7.395418005,-11.78530764,-9.96260656,-2.136447228,-5.240708704,-20.78503482
156,-21.66758164,-8.364849751,1.575434981,-10.79058259,3.055022641,15.49612168,1.909388299,5.407267314,6.056938143,-15.40525542,-26.30195523,-29.50138095,0.105323735,-3.025548039,-9.510279902
157,-18.71320486,-8.277253377,-18.45739136,-8.500728733,2.342011656,-2.775836182,-9.547823359,-23.475307,-48.02868265,-6.789608956,-7.85815891,-9.452907795,10.09282066,12.97728534,4.830444515
158,-23.49545026,-21.14518802,-24.56385214,-11.2431074,-10.36394839,-31.06167072,-3.50662357,-7.975291137,-3.831427196,-10.83953533,-17.08750122,-24.46019199,13.97404408,13.75102946,1.869493008
159,-26.75566114,-25.00198965,-14.98203315,-16.14798883,-20.46095277,-20.6824337,-7.469372971,-18.86421056,-34.62100826,-9.622085729,-14.48912399,-17.04613666,13.0516673,5.37588099,-14.81208874
160,-23.24719982,-16.21828338,-6.670747865,-17.71137925,-22.56296844,-23.57642593,-22.61905651,-43.80704123,-43.51557577,-14.3887121,-22.86710973,-24.27349825,8.166283824,-7.544773883,-25.03805986
161,-20.96627442,-13.26824242,-12.30076692,-15.41927894,-13.68594437,-0.039283333,-18.39866578,-27.91867619,-22.4166401,-11.65407297,-15.81342033,-19.02211621,11.02498348,-0.373445781,-2.609010116
162,-10.2813659,5.875779817,10.44199855,-17.21700071,-16.61632264,-8.513935049,-15.51561555,-17.68260911,-6.240593327,-13.79309076,-19.04437185,-23.45374074,1.512610115,-19.22114751,-25.74548476
163,-6.833681414,7.426150659,10.31851272,-10.55921119,-3.616163702,-1.044262084,-8.511655945,-3.610131985,-1.3747162,-11.79342454,-13.18020759,-9.508368509,2.23144836,-12.73273516,-11.95194178
164,-3.170196661,7.704780228,-1.097443405,-12.97445887,-12.43299272,-21.57062661,-15.74334218,-22.16155518,-39.57836408,-12.53299353,-16.13945184,-27.93036406,4.948511411,-4.117074968,2.133933924
165,1.352922514,9.566277416,-2.996874345,-19.65406374,-22.83170506,-14.14959523,-5.59910593,-2.195137503,-6.581487581,-13.83553125,-17.714153,-21.21014035,-3.307867444,-21.57092279,-32.65182344
166,6.977753511,13.89192957,6.992199558,-27.08882017,-32.79592093,-21.98604466,-22.10327046,-35.93534199,-44.1628411,-21.38602421,-29.8969112,-30.56585968,-12.08745259,-34.12789025,-38.17358083
167,11.1434591,15.96118111,8.204969197,-17.91214114,-10.90467777,-1.82337051,-18.90227313,-24.25746637,-20.63850158,-21.91731428,-25.55140751,-16.16968209,-19.21573872,-37.22457771,-17.24738093
168,10.24747797,8.686499447,0.785009939,-20.0749254,-16.36714598,-15.01084279,-6.880432453,0.887332364,7.583654431,-14.69847151,-7.710360853,8.325925623,-20.69050198,-30.73532882,-13.24325972
169,0.729810603,-15.17564291,-33.66839015,-21.11365082,-19.66071956,-24.74429862,3.074387752,15.31925862,13.91321959,-27.60069893,-33.24336778,-33.67829724,-30.66740646,-41.29210267,-17.53264731
170,-2.11170967,-19.67669203,-29.38157949,-2.102240483,17.64831659,27.34056256,12.54714964,22.90541689,0.751399324,-26.27548723,-26.94468827,-20.99057412,-33.63101865,-37.37885013,-13.16249977
173,9.452661034,9.78533539,28.10451499,-13.26935773,-18.30454306,-19.89156123,5.932399955,-1.950103948,0.73530485,-26.77160918,-31.37835697,-45.41364958,-17.87056174,-4.392822847,9.304058265
174,8.765664276,3.218589248,-9.285558497,-12.01431989,-13.46001244,-10.45553368,-0.147438068,-15.03374242,-22.79981744,-29.87802086,-33.03922389,-25.37418518,-33.96493715,-39.21124336,-46.79725717
175,5.68498007,-7.472398251,-28.07298105,-11.92940745,-11.87956501,-7.415145596,2.028646716,-8.428977081,-7.304797614,-26.4156202,-21.57524292,-10.92447238,-30.06573096,-25.40512851,-13.65725972
176,9.291346867,1.485753403,2.871067853,-13.81725109,-15.08127606,-15.07859447,-0.821435657,-10.75507118,-2.760568917,-25.29798395,-19.66068746,-19.28498342,-37.54661682,-36.77922773,-28.86587721
177,11.31478951,2.896857369,-1.572339028,-18.03163867,-19.97968455,-9.948991488,-0.862211943,-13.29117791,-27.67791347,-22.849132,-16.80823436,-19.90676802,-19.77355768,2.098077866,19.77804873
178,5.236750806,-10.17416047,-17.57649805,-13.23909915,-9.257708673,-1.793824328,-1.643254222,-14.37322846,-22.0227146,-17.09087384,-7.402469654,-10.28809833,-17.07816745,0.848805104,1.667736752
179,-7.569148599,-33.32817144,-40.44521837,-6.16209411,1.476550028,-3.247911735,-9.9233829,-29.56817989,-41.93341309,-20.1485073,-16.93508028,-22.21695554,-28.5467347,-28.40572616,-46.10722626
180,-14.94392584,-38.33947055,-31.2678757,-5.857055123,-1.915564983,-7.468631431,-19.57556958,-40.32343033,-30.11602879,-26.03475342,-26.59239988,-18.56225337,-36.79419951,-41.82123889,-38.84586259
181,-14.57546476,-27.41954034,-12.27802753,-9.549372792,-13.62467749,-24.41694513,-7.174227376,-4.537963466,27.13588121,-40.09772544,-49.73119334,-43.59402782,-33.55362431,-29.92273532,-17.67867529
182,-8.439422846,-8.837063506,11.49306054,-15.21889494,-24.15875296,-28.20071937,-11.56740222,-14.69531266,-9.665660405,-29.59177977,-21.77843536,-4.848748416,-33.43329474,-25.71742872,-12.50634624
183,-12.09364559,-18.79830337,-28.20268493,-24.16205737,-39.48858945,-44.57036206,-10.52849095,-12.90327364,-16.93185518,-37.47380463,-35.3935368,-25.89583445,-35.02818057,-28.4628595,-27.21657854
184,-17.22884365,-24.86909512,-16.47600784,-28.22654913,-38.50695759,-27.85462353,-11.31041798,-13.61581583,-11.56488012,-25.59513373,-10.71132363,-2.119218846,-30.45263775,-19.29702482,-12.07153372
185,-10.54643258,-11.16382014,-15.71526204,-17.87069596,-12.51502858,-5.08207322,-23.0956355,-36.90955339,-44.94247097,-21.56288116,-9.021828359,-23.02597708,-27.64375242,-15.66727872,-19.50175496
186,-14.32515148,-19.58120947,-23.14361416,-16.23306848,-10.78312844,-9.850264293,-27.60717286,-36.12764242,-17.70231967,-31.97205965,-33.11600151,-43.53385475,-27.64624,-17.17635496,-13.4385775
187,-12.52123479,-15.29352325,-17.00879461,-27.92477157,-34.71045389,-37.63178631,-12.30296943,-2.024388146,10.08322241,-29.72211308,-23.22220142,-3.840025981,-26.53647729,-15.74135251,-11.43032065
188,-21.96523883,-30.35000357,-20.85108243,-28.74320851,-30.41415917,-16.88757567,-18.04193011,-17.4081261,-23.35082428,-19.19666518,-1.043945054,19.12209226,-19.33802223,-5.548691943,-10.39498328
189,-26.47022373,-33.69647962,-24.80602729,-24.63249361,-19.68474913,-16.11017766,-21.00304105,-23.9278445,-32.33961523,-6.549808383,16.42606292,15.97670553,-22.35870908,-15.49832515,-23.90081433
191,-6.691725401,1.876120774,-8.306728518,-29.58802718,-30.80387561,-38.51971312,-23.9416351,-22.53885639,-17.56578245,-13.74484525,-12.2564122,-22.7684014,-28.51832759,-22.60961842,-7.246389102
192,-17.25794649,-24.24376794,-39.88170897,-22.71803376,-14.76504415,-7.682848655,-23.4976684,-20.03087658,-13.46121425,-14.41099679,-14.80941442,-14.25685473,-26.36204698,-17.05582135,-5.358843711
193,-21.74159397,-29.55767709,-27.56545437,-14.56594618,0.675997157,11.79284587,-15.85630553,-5.015951072,-0.257888277,-15.05549501,-14.93309932,-8.98085879,-28.73564614,-24.41461849,-31.46024074
194,-23.23001021,-31.86362692,-41.03787439,-15.29949319,-5.753134028,-8.615701496,-21.03794056,-17.96981096,-15.4231117,-11.01298717,-4.488795063,12.41512051,-19.87836876,-7.740348752,-4.931693151
195,-17.82110917,-16.77845677,-10.12787808,-14.05354439,-8.902777814,-19.680311,-14.06337616,-5.292919474,-3.936326073,-14.48545755,-18.26631912,-39.67103709,-23.32486796,-18.75691837,-30.28125167
196,-24.68079375,-31.97130462,-43.50359997,-21.59366994,-27.4247301,-42.21639211,-14.69943203,-9.840966912,-13.01850361,-16.68129879,-22.44118587,-29.40861583,-12.87649046,-2.403354975,-14.27060204
197,-17.27171627,-11.68963789,4.548594657,-11.06585389,-3.502689786,6.100826544,0.702410207,16.94811044,18.94413839,-7.060110545,-2.398296005,0.214437263,-5.079337078,6.861865542,-2.791569017
198,-17.08049647,-12.19130524,-8.336633812,-11.3860547,-9.515214,-22.01824927,15.49910767,33.12574535,12.87435427,-2.800816759,3.82140711,6.665099621,-9.378350817,-8.666137737,-20.93950595
199,-18.90085061,-18.22712161,-23.68835398,-13.72720548,-14.58459478,-12.58831147,23.98194232,37.11769385,19.09295276,-24.12565866,-40.31385615,-45.45572898,-2.760049023,1.004285536,-8.186468051
200,-17.9209049,-16.1535084,-18.41879621,-15.46575667,-17.62372381,-17.97337075,30.61949816,36.49324389,12.7953864,-15.40945076,-15.63747721,-2.639374658,-14.11723413,-25.10941124,-41.71878142
