tau,dqrng,mt19937,sitmo,rnorm
0,1.605095734,0.61310947,0.956303637,1.084099118
1,0.223472397,0.756040305,0.287382219,0.843108859
2,-1.785685808,0.393922464,1.471461641,0.494389043
3,-1.183147611,-0.568286132,0.344126277,-0.77301606
4,0.335688267,-2.085088686,-0.591166139,2.903816051
5,-0.103447734,-0.659838656,0.805704249,0.908883932
6,-1.849008774,0.394165407,1.979488541,-0.963076651
7,1.646809139,0.847536134,1.63269407,-0.188288743
8,-0.819420984,0.820689306,-0.329141001,1.420374398
9,-0.451318836,-0.535364585,-0.861986572,0.986438221
10,0.367527206,1.149210926,0.344534681,-0.449940487
11,-0.338017796,1.680313985,1.292502647,1.071666297
12,0.040808785,-0.99959459,0.639795961,-0.416571158
13,0.239942539,1.148821664,0.314647551,-0.429139339
14,1.397083625,0.220633851,0.560015612,-0.116658894
15,0.289392263,-0.538998882,0.767933234,-0.298538936
16,-0.500977337,-1.297538378,1.507954622,-0.179238372
17,2.138631672,-0.823846679,-0.029346961,2.332902578
18,0.050117696,-0.82425206,0.416409798,-0.298945952
19,-0.767517694,-0.067998333,-1.818183757,1.734201355
20,0.381879418,0.968257997,-1.070790457,0.49183862
21,-1.243667027,1.014105535,-0.463718008,0.908448234
22,1.097636199,-0.769189044,-0.89492941,0.156158817
23,1.455602036,-1.885239979,-0.052672937,-0.116505156
24,0.045662453,2.388395742,0.167540394,-0.032771019
25,1.18032919,0.609878688,-0.123012965,-0.479025672
26,-1.222628343,0.884660517,-0.313988576,-1.439276251
27,1.955250632,-0.034008241,0.010024125,1.110198571
28,-0.009868171,-2.481153306,-0.92492235,-0.227832499
29,-0.416446061,0.60432783,0.020814805,0.197527457
30,-1.15286903,-0.468564572,-0.096538645,-0.710131492
31,0.714300272,-0.605473003,-0.691836342,-2.077894902
32,-0.936955422,-0.463521272,0.058649375,-0.410722634
33,0.296313511,0.996000974,-1.453046905,1.181679932
34,-0.45205385,1.715738438,-1.243906723,0.922259974
35,0.081544373,0.921605737,0.099467669,0.34630092
36,-1.458310434,1.717746599,0.770857633,-0.147418453
37,0.924679986,1.322414705,-1.231867209,-0.615781881
38,1.21458334,0.195736371,0.525704929,-1.398229214
39,-1.28100725,1.719488943,-0.411023064,-0.811907926
40,1.594028317,-1.184587621,-1.376064747,0.512803339
41,-0.53779317,0.896436013,-0.048428654,0.138572801
42,1.147090226,-0.552485266,0.819189623,0.144930626
43,0.40975996,1.083505338,-0.190550941,-1.556451985
44,0.879400461,0.148537927,-0.222387593,-0.986709848
45,0.781655751,0.2519502,-0.476553581,0.245625374
46,-0.445177745,-0.888893707,1.296262467,-0.512687908
47,-0.080808065,0.52254763,-0.301607205,-0.17375576
48,0.423151627,-0.091956895,-1.417424668,-1.096783701
49,-2.667176762,-1.655474423,-0.336336154,-0.844082445
50,0.704551789,1.298412749,1.684319023,0.910031824
51,-0.400699892,-1.637048772,-0.167773012,-0.354145335
52,-1.211542146,-0.974497425,-1.489302345,0.90726138
53,-2.392278486,0.820474639,-0.777208334,-0.017775916
54,0.158694491,-1.174982191,0.807431959,2.086508281
55,0.571666311,0.469199705,-0.753239262,-2.290000546
56,0.421129786,1.102454742,-1.579934232,0.345615893
57,-1.264131432,-0.159894004,-1.206450083,-0.808784576
58,-1.026537195,0.480495068,-1.473857076,0.348626625
59,0.542506962,0.342041436,0.485347769,0.692069026
60,-1.897307916,1.379351716,-0.219279285,0.929012356
61,-1.093812442,-0.312949984,-0.525870286,1.302040829
62,-0.999387262,-0.584718631,0.319295233,-2.024269873
63,-1.18008085,-0.114601999,1.848252318,0.525638717
64,0.784946158,-0.126006209,-0.940544161,-0.129327758
65,0.802321769,-2.128464348,1.636491578,-0.067502962
66,-0.902102508,0.237438966,0.094921913,-2.325262079
67,0.364308623,-1.38579208,0.010843028,-1.147577958
68,1.326262706,2.146383158,-0.675839733,-0.936650252
69,0.375302598,-0.910559278,0.818057823,0.294105914
70,-1.469598154,1.042612554,1.069930003,-0.301173378
71,0.608010015,-0.782100549,0.760169349,-0.920162044
72,-0.973797944,1.174453194,0.424478563,0.006427058
73,-1.597077638,-0.752304249,0.407739378,2.097733618
74,-0.661357706,3.007369772,-2.436220119,0.667937138
75,0.442818854,2.248602753,1.170998764,-0.266276461
76,-0.574389415,-0.888368773,0.545426294,-0.842055877
77,-0.89066844,-0.10962008,1.457762702,2.14262021
78,-0.593967453,0.653501828,-0.116452207,-0.202301191
79,2.648341528,-0.081450033,-0.672755872,-0.314060141
80,-0.750871741,0.09272586,-0.431866743,0.93866488
81,-0.820232605,-0.398462842,-1.425778765,0.458702609
82,1.171782204,-0.141277717,1.005758188,-0.060989755
83,-0.070813671,-0.412020478,-0.824411999,-1.44396377
84,-0.260238419,1.312263257,0.070426819,-0.444129134
85,-0.397755403,-0.219451348,-1.000076496,-0.282422197
86,0.597860281,-0.513707097,0.671688864,0.385709134
87,-0.353826683,0.166211757,0.760281735,-0.883908937
88,1.415792424,-0.124744917,0.72278448,0.263724262
89,0.271874875,-0.932909386,1.430030503,0.887001838
90,0.242149509,-0.334797741,1.018489714,1.147889977
91,0.031980839,0.966800259,-0.590876046,-1.301814471
92,0.126099889,-0.489914339,-0.783400142,-1.212096749
93,0.897741878,0.010440836,0.012426994,-1.137508459
94,-0.332923267,0.983882668,-0.384344837,-0.251382029
95,-0.51165345,2.012770273,-1.407835543,-1.267161777
96,0.85055704,0.230213588,0.789043095,2.034952265
97,-0.634090071,1.666006616,-0.10993093,1.495905621
98,0.333268589,-1.473772103,0.092042475,1.197814125
99,0.611245307,-0.43894885,0.459006743,-0.08410387
100,0.815565648,0.782092691,-1.485438826,-1.120245471
101,-1.217727666,0.467627048,-0.129762587,0.991790734
102,-0.696875121,0.180590898,0.748794469,0.286836346
103,-2.42885924,0.59451047,-0.204115139,-0.081832034
104,-1.210139602,0.282933813,0.142677284,1.046185168
105,-1.848597865,0.331330118,1.380045642,-0.382386868
106,0.221497028,0.57870824,0.378088003,0.106004041
107,0.761625368,0.467438053,-1.539646795,1.751376697
108,0.922608196,0.28714598,1.049882201,0.072623505
109,-1.633323792,-0.13766842,0.366291608,-0.378501244
110,1.431789086,0.283320515,0.498939403,-0.15086573
111,-0.653187282,0.210358446,0.352313994,-0.14845746
112,-0.851123705,1.046073637,-0.361765393,1.774795919
113,2.074674326,1.176969625,-2.081193658,0.6980425
114,-0.046684002,0.430383806,-0.980508235,0.220842054
115,-0.821516332,-1.550502646,-0.10696532,-1.167204555
116,0.130980335,0.782681707,0.880663106,-0.777711171
117,-0.934066697,0.054237839,-0.569649891,-0.549571011
118,0.917841357,-0.606041291,0.866126334,-0.794743664
119,-0.653767488,-0.338877838,-0.238984059,-0.285751569
120,0.773959697,0.284840692,1.149022134,-0.195640666
121,1.38832305,0.215452116,0.794527807,0.533892054
122,0.733942758,0.378298541,-0.595743157,-0.087976725
123,-0.064845893,0.272385498,-1.445676224,1.251214545
124,-0.135978063,-1.168221727,-0.662820036,-0.278052498
125,0.129941892,-1.119404884,0.779371616,-0.34415681
126,0.786067122,-1.0740017,-1.92E-06,-1.037825661
127,1.915096823,0.575646183,-1.59402903,1.780429572
128,-1.007507604,-0.911780116,-1.20871119,0.088674668
129,1.479168692,0.361300686,-1.832272764,-1.813568781
130,1.713928208,-1.731775227,-1.282603712,-0.261883013
131,-0.403191586,0.142022924,-0.52569099,0.339420259
132,-0.289087307,0.300530791,1.874638959,-0.70624427
133,0.924287295,0.427069843,-1.013856839,1.734871298
134,-1.837797918,0.057379361,-0.194050394,-0.93190748
135,0.893188131,-1.18522742,-1.325311503,0.432448248
136,-1.116106137,-1.855761478,-1.392728674,1.268658311
137,-0.483893774,0.735621306,-0.754102526,-0.946108087
138,-0.189596867,0.594511834,0.121203295,-1.557172001
139,-0.657237132,-1.30653408,-1.781498164,-0.552956883
140,1.796398519,-0.245765816,0.911496004,-0.2161
141,-0.239807349,-0.911652456,-1.267632148,-0.17637226
142,0.32924675,0.101711145,-0.179815999,-0.673104693
143,-0.41928942,-2.794313056,1.774907033,2.027203673
144,-1.918593788,-1.055631943,0.945057731,-2.409387883
145,-0.216614814,-0.181148915,0.246886603,-0.469871236
146,-2.322678368,-1.471871918,-1.510237519,-0.532522094
147,0.325154677,-0.2996325,0.335686343,-0.025414106
148,0.408985987,1.958081132,-0.636225233,0.222472463
149,1.114133145,0.344869013,-1.789246421,-0.282308007
150,-1.277937959,1.462252848,1.342521079,0.383121845
151,-0.235382519,0.568809635,-0.21473781,0.234294145
152,1.616260028,-0.616917159,1.410687325,-0.363214602
153,0.455760576,0.176405986,1.072007371,1.619525961
154,-0.472792295,-1.4381606,-1.475117479,0.308638446
155,1.4678953,1.469832423,-0.598010677,0.377625679
156,-0.518881097,-1.816799373,-0.095992407,-0.707959406
157,-0.245121996,-0.341196724,0.138909573,0.70669969
158,0.077909579,-1.081602688,1.205472492,0.574759224
159,0.775766864,0.084798814,0.955692365,0.43383566
160,-1.17770318,-1.674623417,-0.696901151,1.397688641
161,1.834042126,0.461464423,0.981023738,1.316488199
162,-0.285594583,0.974121768,1.403269311,-1.55493286
163,-0.227519013,0.765300915,0.264213544,0.319618253
164,1.814669874,0.139020219,0.445274253,-0.439272881
165,1.431183552,-0.960295226,-2.117894051,0.961187444
166,-1.43857401,1.968396151,-0.728586932,-1.181597041
167,1.025170509,-0.21427672,0.427324582,-0.150617966
168,-0.442069386,0.899428113,0.912367337,-0.393574846
169,0.519796303,-0.650328731,0.272468884,-0.292917951
170,0.449215306,-1.273975064,0.288235203,0.907902181
171,0.939586219,0.725102406,0.671169007,0.436444384
172,-0.630586699,0.71525947,0.10414859,-0.787449322
173,0.504513509,1.276205042,1.38686117,0.614839949
174,0.512194548,-0.056569457,-0.764209819,0.926938881
175,-0.206758422,2.238976414,-0.483042013,-0.330988393
176,0.607137028,0.268372457,0.328417241,2.060032492
177,1.718949415,-0.825551081,0.420281226,-0.01615699
178,1.240597616,-0.666248964,0.872616095,1.37761408
179,-0.059992561,-0.930697757,-0.530078426,-0.882628545
180,-0.399020666,-1.010430945,-1.069496305,-1.153007842
181,-0.338862728,-0.7088356,-0.415752144,0.025963902
182,0.421860983,1.125839545,-0.237431174,-0.974041408
183,1.579344607,0.100952055,-1.032362917,1.1346361
184,0.125680228,1.017283392,0.787472477,-2.052731904
185,1.740061144,-0.808499589,1.364765525,-0.544387495
186,-0.386004435,-0.089526359,0.581594077,-0.010866234
187,-0.881353223,-1.162899019,-0.474866458,-0.088804354
188,-0.32165668,-0.65065775,0.454167384,-0.552973105
189,0.28856115,0.533403948,-0.187128566,1.227350488
190,0.599103765,-0.743824467,1.788857201,0.319289394
191,0.984789183,1.624950258,-0.987414075,0.332739952
192,-0.131792123,-1.788582298,-1.427482283,-1.226100194
193,0.095169851,-0.391750346,-0.131080423,-0.223094914
194,-1.087798025,1.161912826,-1.149084029,-0.581574443
195,0.725062393,-0.303301835,0.023240747,-0.449661661
196,1.580661316,0.368717721,-0.038681031,-0.245612457
197,0.406112556,1.103715723,-0.192796705,-0.220643245
198,0.766903199,0.18611504,0.934674816,1.603964192
199,2.487075075,1.482192003,-0.557775277,1.789104206
200,-0.987988246,-0.89478688,0.158629735,-1.814808962
201,0.566120086,-1.595872817,0.602254965,1.169317335
202,1.782246596,1.254302869,-0.046003924,1.202835961
203,-1.395539942,-1.287075835,1.105308466,-0.672429281
204,-0.176225034,-0.007114773,1.471277259,2.17711812
205,1.788672009,-0.465576535,0.197343111,0.672481075
206,0.70000929,0.359413926,-1.308007074,0.865117956
207,0.037785218,-0.615742144,-1.074896899,2.528732004
208,-1.146192709,0.317952523,1.22999876,0.651479023
209,-0.548916801,-0.477032525,-0.655988999,-1.693141778
210,0.301418818,2.10712214,1.218621148,0.77085358
211,0.059384281,-0.043794209,0.027615957,-0.562587194
212,-0.549161951,-0.402419668,1.568942177,-1.942389282
213,-0.476024539,-0.783728522,1.525721196,-1.142470226
214,-1.321956908,-1.030859145,1.001451827,-1.884419357
215,-0.531413289,-1.437343908,-0.075765607,0.346873294
216,-0.471672838,0.033497153,-0.668137782,-0.469199969
217,1.401288135,-0.86059987,0.72551808,-0.280500309
218,-0.990523156,-2.853324423,-0.025136919,2.274207428
219,0.271218944,0.626550178,-0.624602864,-0.669771761
220,1.971937044,-0.954016745,-0.042473485,-0.68399408
221,0.48846739,1.139717118,2.16188994,1.61848358
222,-1.386143336,0.867685126,-0.246847335,0.264554561
223,-1.520233129,0.451327681,-0.701398857,-0.662783338
224,0.637335523,-0.650063927,1.377879951,-0.999789531
225,1.70198192,2.239911782,-0.146285222,1.315635186
226,0.280982275,-1.155093646,-0.197883052,1.791638732
227,1.850521059,0.956893025,1.251607829,-1.042659947
228,1.018848304,0.715804781,-0.498044837,-0.280329928
229,0.994068055,0.35599459,0.228220285,0.317303178
230,1.471714507,0.208231581,-1.663649243,-0.557706088
231,-0.080957973,-0.4347178,0.241867139,0.925088546
232,0.346127883,-1.965786978,-0.359748238,-0.41710164
233,0.451369207,0.065853989,0.852822614,-1.153701314
234,-0.234695947,-0.676433944,1.662773834,0.019285623
235,0.057350888,-0.092388419,3.798271862,1.382578819
236,0.719230748,-1.592076149,-1.177935668,-0.796825712
237,-0.181998408,0.279802598,-0.485914846,-2.010410949
238,-0.614190606,1.285109703,-0.34690048,0.727701074
239,-0.566536475,1.664410517,0.618975135,0.853250884
240,0.325341509,0.014916423,0.593516688,-0.980261645
241,0.259131098,0.862201222,1.801795005,0.901244174
242,0.813558054,-0.47587545,0.52031937,-0.143160474
243,0.302279288,-0.813732862,-0.427430112,-1.070939294
244,-0.098722546,1.010699761,0.726960105,-0.99726715
245,1.267804974,0.566008781,1.595071936,-0.981810439
246,-0.499388469,0.237180838,0.869179587,-0.699835961
247,-2.072110885,-0.454276371,-1.048412731,-0.38079609
248,-1.342864414,1.722834344,-1.523170125,0.170048872
249,1.50295409,0.082350448,0.219019144,0.815223147
250,-1.895660884,-0.505124178,-1.085598285,0.670507239
251,1.071143333,-0.040919334,0.030476255,-0.074557109
252,2.086343389,0.564569744,-0.074368989,1.337916245
253,-0.230910131,-0.064788395,0.99745305,-0.009357795
254,0.750076374,-1.246382859,0.213872515,0.717279243
255,-0.274861012,0.891527316,-0.203247546,-1.050183477
256,1.024714585,0.233739551,0.517214159,-1.297781894
257,1.170692716,0.572639954,-0.129203185,-1.348365272
258,0.457583847,0.092360215,0.109690497,0.793561897
259,0.914481627,-1.965198649,0.406825088,0.936775923
260,0.99546756,0.315137184,-0.165552551,2.000686077
261,0.995970723,-0.571094427,1.964396659,-0.48950115
262,-1.331700515,-0.070187527,0.858494048,-1.458070606
263,-1.083267128,0.525723047,-0.247917059,-1.71726608
264,0.210632515,-0.5761943,-0.310996624,0.680256203
265,0.733480224,-0.257579953,0.090466908,-0.624854715
266,0.559315256,0.079894438,1.859210618,-1.307504048
267,-1.62342831,1.991580479,-1.153388262,0.228860576
268,-0.814841983,-0.695893354,0.094007266,2.379093569
269,-0.714807182,1.73586352,0.764701978,-0.519120803
270,0.488734095,-0.29392644,-0.160319962,-1.614658177
271,0.142278973,0.187378639,-1.602050348,-0.100380853
272,-0.577916265,-0.107463229,-0.975293844,-0.111225229
273,0.610964094,-0.022142302,-0.771709315,0.636445007
274,0.75668683,-0.665040833,-0.796694357,0.269925917
275,-0.411404038,0.890567915,-0.522555571,0.042934406
276,-0.085360559,0.990015925,0.140275406,1.111992497
277,0.711631539,-0.744678755,0.850314641,-0.495338229
278,-2.039546644,1.548985921,0.915531427,0.724031901
279,-0.522104615,1.606958995,-0.444404767,-1.872863047
280,1.782523819,-0.925299813,-1.209658382,-1.702749597
281,-1.010059931,-1.230672102,-0.535706163,0.148805997
282,-0.359314504,-0.081904635,1.065922482,0.703102369
283,-2.349597838,0.823985393,0.229375937,0.250978454
284,-0.654166659,-0.604536242,-0.407374909,-0.257162382
285,0.295703425,1.16198319,-1.49393371,-0.810192132
286,0.188735531,-0.520089515,-0.852352806,0.483617822
287,-1.539166307,-0.501659824,-0.395728299,0.868744466
288,-0.094665678,-2.567881131,2.672253791,0.211111509
289,-0.810567918,1.254790391,0.333214816,0.268706938
290,0.551331042,0.718543955,-0.64256818,0.894474069
291,-1.152450948,0.476403342,0.029520217,0.483153578
292,-0.267528373,-1.422284417,-0.085153665,-0.634895649
293,-0.412281858,0.691301736,0.226970351,0.381319569
294,1.234405045,0.672528259,1.448663827,-2.202023467
295,-1.795928238,-0.156191093,0.199641052,0.228792843
296,-1.626241214,0.567427257,0.377294777,0.044762238
297,1.424209796,0.029412774,1.815759067,1.198898621
298,-1.21622238,-0.462418378,-0.53820152,-0.238620191
299,-0.980428084,-0.873757247,-0.044197123,1.502849184
300,-1.540564531,0.171900923,-0.532974956,-1.143278476
301,-1.425390741,-0.263460902,-0.303115792,1.577085506
302,-0.10529351,0.433742152,-0.750835019,-0.063524816
303,-0.040369338,1.125116256,-0.618804316,-0.158383937
304,-1.498490017,-1.89159713,-0.473761092,-1.863140042
305,-0.806804232,-0.585065213,0.171109885,-0.509609668
306,0.870506502,2.027520224,1.393190303,0.559071574
307,0.124645524,0.018939142,0.669161335,-0.555286954
308,1.578419068,0.149662621,0.43718593,-0.873504649
309,1.253312946,-1.968735649,0.497813369,0.103952014
310,0.750991251,-0.983738987,-1.340367082,-0.790786536
311,-0.685789427,-1.120521047,-0.014679731,0.823253262
312,0.74501941,-0.707804898,-0.075866527,-0.63018062
313,-2.400132011,0.277107727,0.585168645,-1.759207524
314,-0.910892144,-0.400307589,-0.84179677,0.419411405
315,-0.163279303,0.115481933,-0.600462507,0.438512045
316,1.191960966,-0.438986236,-0.770860161,-1.451755067
317,2.279831124,-0.220521412,-0.29691881,0.251626275
318,-0.170697826,1.080835464,0.304818777,0.576502664
319,-1.655154892,1.777279572,0.118884142,1.091562395
320,0.354113775,0.387619262,0.563829989,-1.445951667
321,-0.095962517,0.590042585,-0.551378336,-1.566844404
322,0.427057814,-0.273641642,-1.451731647,-0.23345957
323,0.554913748,-0.177770445,-0.469817257,-0.886034278
324,-0.53719936,-0.839341117,-1.002713908,1.991267715
325,0.093465153,-1.144778371,0.800144233,-2.940474517
326,0.59425945,0.457852521,-0.253803507,0.377127335
327,0.067928126,-1.057908859,1.382473902,0.960941112
328,-0.194207962,0.762224915,0.761988308,0.036318061
329,-0.831758383,-0.881128591,-3.054469634,-0.781463303
330,-0.267791065,-2.155682445,-1.576114741,-0.590851422
331,-0.272315073,-0.153676206,0.549574376,-0.518269144
332,-1.060526771,2.197625378,-0.31809026,-2.268126547
333,0.110024943,1.615220277,0.053707063,-1.460079982
334,-1.230294428,-0.721531187,0.212146684,0.765817891
335,1.430808478,-0.118390173,0.902676102,0.355168874
336,0.26017729,0.201793232,-0.194446054,0.170098874
337,-1.445496146,0.54879321,-1.975177536,-0.920323739
338,-1.014324951,-0.633667709,-0.647962814,-0.033743892
339,-0.396320216,-0.880144216,-0.294476816,0.693578034
340,-2.930755006,-0.217318526,1.320218379,-0.062703802
341,-1.384097818,-0.346908377,1.005147136,0.2483993
342,0.909369298,0.098952963,-0.354153356,-1.240640515
343,-0.929894849,-0.408607301,0.711591787,-1.922282203
344,1.913244464,-0.094535588,-1.581054623,1.685070543
345,0.225450713,-0.465328017,-0.825270644,1.572927853
346,0.158054985,0.867048334,-0.299852963,-0.864884603
347,-1.233173053,0.958962176,0.216104116,-0.695042405
348,-0.204127533,-0.412626341,0.700111109,-0.168624157
349,0.831825559,1.737264271,0.521741548,-0.011222835
350,-1.478673078,0.761898201,0.432188437,1.395040205
351,0.03947244,0.555513228,1.275460601,0.336115504
352,0.591139187,-0.39563881,1.108795052,-1.655677596
353,0.324949832,0.89281751,0.14100932,0.736132259
354,-0.403059955,0.736835779,0.313902474,-0.375871417
355,-0.206756531,0.207269407,0.103183566,-1.209242726
356,-0.424820513,0.046884552,0.828386102,-0.863893001
357,-1.629322158,2.44619606,0.064946992,-2.19314855
358,0.949660205,1.963194501,-0.072460966,-0.961454597
359,0.046874512,-0.413933383,-0.14800272,1.634577007
360,1.950577887,-0.780921928,-1.134502629,0.725268864
361,-0.43229654,1.866762484,0.270899106,0.686567889
362,1.866195534,-0.573619355,0.682483259,1.933926277
363,0.602987589,1.113655387,1.753109573,-0.917884354
364,-0.114613476,0.623700033,-0.323924481,1.106732345
365,-0.420913654,-0.755536861,-0.950342913,-0.521422973
366,-0.986809131,-0.34802606,1.182281993,-1.484227317
367,0.011648844,-1.232365706,-0.98437863,-0.982470471
368,0.723378148,-1.438200309,-1.019482621,-1.06323962
369,-0.905850538,1.779322508,-0.67585655,1.65658527
370,1.008373225,-0.824024074,1.105226513,-0.195930259
371,-1.304837197,0.633521481,0.012013865,0.274852189
372,-0.418234096,0.024907538,1.035556732,-0.263465824
373,0.898347887,0.025918982,0.050519435,0.67503853
374,-1.768402194,-1.624145453,0.017224717,0.463093834
375,0.600274705,0.175712406,0.568994511,0.972632105
376,-0.313842161,-1.292576263,-1.189875167,1.66936844
377,-1.695052767,-1.166766275,-0.889326428,-0.695363586
378,0.47037402,-0.506504322,-0.720669369,0.223730738
379,-0.668081424,0.185118005,0.301776052,-0.402569352
380,3.006138667,0.335917445,-0.184939029,-0.913783054
381,0.877262515,-1.17489425,0.211316104,2.004700195
382,0.626307867,0.497859583,-0.711253782,0.717397305
383,0.290886121,-0.627006025,0.067996215,0.117495391
384,-0.150363353,1.219727773,-0.600610482,0.166752145
385,1.639118897,-0.850712386,1.751854885,-1.050479231
386,0.402270501,0.276268215,1.150126377,-1.2941598
387,-0.637390088,-1.015343019,0.293920475,1.307234075
388,0.411799083,-0.493660858,1.120065707,-0.627346049
389,1.183916145,-1.302950339,1.285150848,0.989274424
390,-0.247358602,0.378422832,-1.680325478,-1.564428285
391,-1.145249028,1.375207508,-0.010466512,-1.423933484
392,0.441008222,0.214809427,0.173564183,-0.862672212
393,0.381539268,0.37127151,-0.664619358,-0.906142764
394,1.277388483,0.24605923,0.525639564,-1.929402258
395,-0.071847228,0.114239731,1.35119325,0.824149629
396,-1.4807582,-0.206754265,0.893333795,-0.790120524
397,0.593340156,-0.901275345,-2.078926677,0.19897544
398,1.88986831,-1.008437409,0.101865874,-0.618926552
399,-1.253611296,-0.922011828,-1.909732338,0.631348805
400,1.042955222,0.590223166,-1.036899739,0.344101107
401,-0.112665487,-0.897161829,0.826590466,1.530412945
402,-0.570280507,-0.718105975,-1.045784327,-0.369664821
403,-0.021435959,1.120530226,-0.508936995,-0.485022588
404,-0.931813125,-0.122871755,-0.363901135,-0.604112696
405,2.857815303,0.787150204,0.387052786,-0.551663166
406,0.336724141,0.080296074,0.114718689,-0.549597072
407,0.102694444,1.286217214,-0.722966196,-0.965005227
408,0.217402358,0.729574769,1.158333535,0.242542319
409,0.885445967,3.102022025,0.672988452,-0.888510722
410,-0.403501546,0.58639668,0.320249081,-0.617002224
411,-1.194962074,0.75844108,-0.486859305,0.755309938
412,1.464075386,0.17100676,-0.435636093,-0.812285074
413,-1.457768521,-0.243828803,1.501095109,-1.859214385
414,0.021927419,1.467173919,-0.225833477,0.643011111
415,-0.830123362,0.07476826,-0.479495247,1.664511564
416,-1.944540904,-1.623383967,-1.435497256,-0.404738892
417,0.111940167,-1.787165365,0.141406121,-0.096008012
418,1.384606288,-0.399913891,1.231761818,1.436224225
419,0.621441985,-0.750049059,0.563728921,0.617804594
420,-0.97153736,0.284949175,1.382632086,-0.135491012
421,-0.468056524,0.720776042,-1.275584473,-0.281688925
422,-1.221181936,-1.524596871,0.7817958,0.389613302
423,1.676987679,-1.552552318,-1.515073624,0.722879982
424,-0.087125848,0.427811487,0.202721378,-0.424004554
425,0.385588153,-0.676409145,-1.541691589,0.057776241
426,0.23135533,1.338071498,-0.631807096,-0.061195769
427,-0.528705593,1.080763561,-1.055781276,-1.416957227
428,-0.761523122,0.469128165,-0.013823197,-0.938315479
429,-0.195110476,0.013668858,1.101709614,-0.08635883
430,0.06835362,-0.58540044,0.032460114,0.02330842
431,-0.344976415,0.249894848,0.797654349,0.316208522
432,0.138096285,-0.41801676,-0.491785307,-0.364600227
433,0.910145059,1.061169198,-0.719123474,-1.725083013
434,-1.595882008,-0.396674676,0.560046182,-0.974864414
435,0.364783883,-0.015782514,-1.181666322,0.212020715
436,0.414177701,0.03136651,1.955484426,0.824575965
437,-0.914141745,-0.434019168,0.842013687,0.0134863
438,1.41245432,-1.737572751,-0.369037153,-0.016187086
439,1.139138917,-0.184237474,-0.418294257,-0.597638568
440,-0.825383871,-1.125353539,1.062621751,-1.059864833
441,-2.667414117,-0.251338728,-1.362980872,-0.931872141
442,1.096360311,0.225846228,-0.528355025,0.527342581
443,-2.436816064,-0.730299937,0.622215683,-0.438250706
444,0.63349401,0.067950257,-0.780415461,-0.404110845
445,-1.284803659,1.164357154,0.396472554,-0.451574806
446,0.698291694,-0.113255665,0.034997626,-0.841271852
447,-1.410028094,1.210888714,-0.316800689,0.275056865
448,-0.6451769,0.070859504,-0.668314734,-1.534131093
449,0.530022013,2.090276257,1.133261974,-0.782543781
450,0.144160711,1.555241955,-2.336023183,1.158512059
451,1.038258825,1.166808294,0.243568481,0.473443039
452,-1.444264207,-1.64508101,1.956306456,-0.094119388
453,-0.974473104,-0.900634248,0.442618614,0.625826762
454,1.021370073,-0.917052898,-0.294167316,-0.919480821
455,-0.270773364,-0.245059105,-0.781867512,-0.056760205
456,-1.735006348,-1.328966111,0.574536292,-0.645419841
457,0.747245206,-0.720848126,-2.251277465,1.479833434
458,-0.473462764,2.023859243,0.477077071,2.146756965
459,-0.558119147,0.189313938,1.529056926,-0.372819954
460,-0.784429057,-0.205974526,-2.14008809,0.902502153
461,-0.463621878,-0.560458104,-0.594219591,-1.019242647
462,0.575398218,1.564348156,-0.129403086,-1.057190904
463,0.55630095,-1.083220847,-0.033524823,-0.847467156
464,0.587588277,0.583134149,0.423979314,-0.771095215
465,-0.596587639,-0.311388428,0.009748778,0.318622797
466,0.667835449,0.152945174,0.419370537,0.682892282
467,0.23745611,1.528758169,1.369284857,1.168873507
468,0.998611727,-0.057425181,-0.062836318,1.350139163
469,-0.217607844,-0.24310624,2.198771125,1.276369817
470,-0.109804902,-0.3151732,-0.78145665,0.080775571
471,0.743675799,-0.574475302,0.231765333,-0.951378517
472,-0.102076448,-0.313896648,0.080310144,1.442725033
473,0.771395119,-0.422484947,0.154540916,0.97211986
474,0.930597037,-0.662512634,-0.499267834,-0.95427136
475,-0.213781745,-1.653101891,0.920381461,0.808221552
476,-0.269778245,-0.77003846,1.132542511,1.118481693
477,0.908877092,1.492958022,0.187473018,0.798961468
478,0.757550744,0.005380478,-1.34509042,1.153359891
479,-0.858152369,-0.234901125,-0.534530315,-0.145189657
480,-0.001595836,0.586516528,0.962395467,0.013716826
481,0.812296858,2.489709235,-0.190070664,-0.939453675
482,-0.346561796,0.433267936,-0.698007789,1.226389222
483,1.060189985,-1.572733099,-0.630771533,0.359704144
484,0.264446199,-0.806411271,0.525552057,-0.869336669
485,0.466827428,0.378671007,-0.863678034,-0.189295891
486,1.309363494,0.394539096,0.397441824,-0.046672343
487,0.16705301,-0.029971796,-0.314976184,0.109784136
488,2.06827723,-0.066735933,-1.117603506,-1.842167011
489,-1.481516802,0.629346152,1.031365955,0.671865824
490,0.099480204,1.164401006,0.355177991,0.04146555
491,0.831475211,-0.470296566,-0.677703874,-1.025522055
492,-0.433345217,0.075409972,0.856435361,1.339636355
493,0.294212225,-1.130373856,0.38649238,-0.140411986
494,-0.831775582,-0.150932259,-1.949115057,-0.04858067
495,-0.888540713,-0.511663166,0.782320611,1.327283033
496,0.834081824,-1.40435672,0.09543737,-0.634241542
497,-1.074901043,-0.259944395,-2.975058218,0.913924684
498,-1.398070872,-0.280341729,0.338602567,-0.431431514
499,0.331254286,-0.03322727,1.09669307,-1.112056554
500,-0.513705286,0.250402655,-0.943095048,-1.246994741
501,-0.314865391,0.540740797,-1.289825583,-0.006201827
502,0.074364894,-0.506773665,0.955126287,-0.988414503
503,-0.943671469,1.070438877,-0.100523338,0.571136736
504,1.813177548,-0.358173227,-0.166760733,-0.684028231
505,-0.876046269,-0.872168845,-0.817183698,-0.11259628
506,-0.613085961,1.053863909,-0.833632569,0.267486523
507,-1.109886957,-0.501289209,-0.274083051,-0.12900676
508,1.284114627,-1.618012238,-0.594366455,-0.590160631
509,-0.649059284,0.770011539,0.00600815,0.636954314
510,0.391783068,-0.294137178,0.57721895,0.604320202
511,-0.526539049,0.527512964,1.548079958,0.383511489
512,-0.288080807,0.907415295,-1.354856609,-0.32247035
513,0.967995171,-0.45084955,-0.57751578,-0.276197647
514,-1.143290474,0.71773029,0.212499528,0.611698143
515,0.146234594,-1.292341958,0.478592916,-1.486560244
516,-0.4656199,2.163238659,1.546186083,-0.654400203
517,0.523928058,0.27673387,0.636113657,-0.232856736
518,1.190376047,-0.742470891,-0.662569106,-2.146071951
519,-1.191097994,-0.159066402,-0.434609835,0.353101845
520,0.188533093,-1.627996135,0.933115314,1.385406765
521,1.073832648,0.401244857,-1.184632411,0.509365324
522,0.619493362,-0.518061216,-1.304040317,0.15263149
523,0.75799697,-1.691707473,0.974724359,-0.986591675
524,0.675976318,-0.983894291,0.395384756,1.194970687
525,-0.154866208,-1.36549198,1.545929513,-0.311580071
526,-0.082882928,-0.469569699,0.960451367,-0.397121768
527,-0.86813487,-0.538990848,-0.77385928,0.895640911
528,-0.526225572,-0.51010528,1.177511858,0.713079239
529,-0.404630514,1.496854836,-0.50050068,-1.738397918
530,-0.134707715,0.708685495,-1.528296107,-0.721739077
531,2.401680653,-1.215600887,1.151268703,-0.494436316
532,-3.210602943,-0.592611065,0.724878592,-0.758414958
533,0.63217628,-1.062510788,-0.791471422,-0.408131126
534,-0.310574939,0.295966813,-0.726490607,-0.583990425
535,-0.13515107,0.571019259,0.24712876,-0.586983225
536,-0.627813929,-0.974008257,0.514950198,-0.064100039
537,-0.434850319,0.491796051,0.193914792,0.105292119
538,-1.428378419,0.843003813,0.572978472,-1.917288736
539,0.030779508,1.576517479,-1.67038693,1.251768923
540,-1.118526343,-1.239207266,-0.247828154,1.055386914
541,1.035966861,1.331765973,0.276590102,-0.787258189
542,-1.840926609,0.232343751,-0.112030174,1.688283496
543,0.086813835,-1.009268046,-2.371073039,-0.543752498
544,0.280456664,2.495434047,-0.535553844,0.191259297
545,-1.485904799,1.04054352,1.748752827,0.285441038
546,-0.414003144,-0.230885455,-0.30532867,-0.44803244
547,0.947268802,-0.570902381,-0.94054172,0.373420768
548,-0.079596231,2.020546178,-0.154390325,0.374898032
549,-0.866824047,-0.818401073,0.993591948,-0.129432313
550,0.432697033,-0.803659291,-0.571301272,-1.190973773
551,0.001537057,-1.171185986,-0.976307074,0.379913666
552,0.278488387,-1.653985739,-0.600885498,0.097728018
553,0.292494757,0.779560089,0.388951583,1.334680431
554,-0.692594743,-0.227895183,0.195563731,-0.912130559
555,-0.5209192,2.568564089,-1.269025848,0.222962167
556,0.546066115,1.383624289,-0.261725803,-0.285558417
557,2.172046679,-0.547579906,-0.204609552,0.19271223
558,-0.905550815,-1.548162944,-0.228129935,-0.488531965
559,-0.976715309,0.322169079,-0.964133713,0.190672852
560,-0.085413713,-0.468724503,0.435828784,1.116445113
561,0.008082846,0.359762771,0.019565376,0.121105977
562,-2.006618207,-1.130725962,0.535174257,-1.113544615
563,-0.591258699,0.311075835,0.089626847,-0.730512429
564,1.192248454,1.171099157,-0.567278631,-1.915549416
565,-0.099648694,-0.077755725,-0.840701042,0.117887341
566,-1.287016298,-1.088748613,0.450418696,0.284182964
567,-0.573175866,0.399476352,-1.321346952,0.448947057
568,-0.385604611,2.227409083,-1.99195921,-0.124676679
569,-0.464008654,-0.928685888,-0.303389279,1.575653088
570,0.494346599,1.180737487,0.736552979,0.933154322
571,-0.570708033,0.194046905,-1.09392064,0.289072691
572,-0.1608075,1.078672861,0.067022231,1.086829506
573,0.067172893,0.635196883,-0.110763353,-0.096939803
574,0.224457083,0.408346719,2.380987711,1.118217885
575,0.233942009,0.501606077,-0.719114775,2.055876859
576,-0.531489085,-0.703653171,1.37796475,1.053070569
577,0.126742778,-1.74592798,-1.294428781,0.304707975
578,-0.195205173,0.497418178,1.680262025,0.312258055
579,-0.94511557,-0.902805277,0.023196971,-0.066809414
580,-1.449808945,1.36654017,0.354686923,0.943771333
581,-0.019286347,-0.015431171,0.578427891,0.314734493
582,0.665569957,-1.104791369,1.088090008,0.99519561
583,0.153974106,-0.856289389,0.272236516,-0.45056785
584,0.568191374,-1.52913685,-0.449276324,0.331988205
585,1.790066469,0.812984892,1.315352323,0.687717267
586,-0.600991502,0.142197205,-1.169564359,0.402188966
587,-0.426257797,-0.734179749,-1.369357359,-0.059355845
588,-0.099822149,0.291307572,-0.041652192,-0.783835049
589,-0.8619701,0.524874228,-0.528517352,0.954197526
590,-0.356434861,0.357319988,0.285076987,-0.244623507
591,1.327840822,0.104558362,0.144687575,-0.766661563
592,-0.357946925,-0.349779461,1.544852628,-0.76205279
593,0.242201512,-1.00821781,-1.357829291,0.60504865
594,0.294885123,-0.738703359,-1.751390112,-0.48525438
595,-0.051986132,-2.305997857,1.373886193,0.239485397
596,0.017662415,-0.079227928,1.528845383,-2.15457116
597,0.257995806,-0.868892817,0.522686057,-0.718108105
598,0.062920688,-0.336115099,0.231398858,0.137891725
599,0.229701502,-1.268961584,-1.058442171,-0.115118555
600,1.050513234,0.384326485,-0.806436433,-0.101673032
601,1.309684373,-1.230966813,-0.274975101,0.124437332
602,-0.772147747,0.015378556,-0.744154602,-0.9201171
603,1.938539945,-0.829846224,0.570476558,1.125786863
604,-0.799273802,0.795243209,-1.23069077,-1.07314226
605,1.793625127,0.668530943,0.11585551,0.581233308
606,1.185481897,0.486617748,0.617893038,0.756923851
607,1.453547998,0.526311497,0.860659096,-1.149028361
608,0.687980988,-0.683972397,0.032467781,-0.418577742
609,1.013289355,-0.860583549,-0.480084475,0.397905433
610,0.642426135,0.732207027,-0.765224015,0.05717184
611,-0.841408878,1.473271192,-0.568064358,0.80891193
612,0.174929807,0.50961119,-0.544200009,-0.034445505
613,-0.400227014,-0.735594715,0.629127088,1.461486372
614,-1.084548829,-1.411587796,-0.333691496,-0.54469833
615,0.33575305,1.717492597,-0.628796571,1.024183633
616,-2.28984931,-0.357313428,-0.491069558,0.643019064
617,-0.668707947,-0.795782132,0.210783597,-0.479192905
618,3.043029929,-0.404213916,-1.302831802,-1.204681128
619,-0.478376661,1.117980949,1.013585433,0.006580915
620,-0.611059601,-0.651653701,0.34487132,0.65330225
621,-0.215186526,0.79299608,1.99355723,0.218285609
622,0.338606878,-1.54960398,0.613074531,0.972603164
623,-0.886550714,1.256458234,0.873788252,-0.72728832
624,0.261159284,0.65517653,0.684647683,-0.185466124
625,-0.511730396,-0.64980095,-1.033186108,0.48827462
626,-0.672264105,0.798533735,-0.581041261,-0.33395883
627,-0.163180938,-0.753305804,-0.977578503,0.779476744
628,0.834361297,0.504897961,0.462831714,-0.000793103
629,2.862994114,0.866841112,-1.186596782,-0.11591647
630,0.68104559,0.045158998,0.263825735,0.268629552
631,0.422782614,-0.089260917,-1.583497116,-0.352740073
632,-1.919122774,0.569346669,-1.006954013,-0.619082019
633,0.474204958,-1.57235443,0.120439747,1.177961721
634,0.941892353,0.05805805,-0.335541417,0.360475727
635,-0.926625291,-0.05253486,-1.011019794,0.047378927
636,0.623910482,-0.901944442,0.993074681,-0.285365669
637,0.371923415,-0.426170806,-0.455540429,-0.885435544
638,1.578942783,2.351102257,-0.824440351,1.749393779
639,0.628222271,-0.215182538,0.558085898,-2.344735981
640,-0.784047895,-1.401841568,1.618601588,-1.168759914
641,-1.06992376,-0.296893427,-1.198354398,0.182695919
642,0.75708874,-0.227635361,0.669095768,-0.856202658
643,-0.032861822,2.153101419,-1.046864672,0.400801025
644,0.092976814,-0.811612055,0.009280691,-0.08705844
645,1.753897904,-0.544491256,1.404633822,-0.069442476
646,-0.253022482,-0.807774541,0.002258678,1.004128612
647,0.203964703,-0.68053289,-0.722317396,0.408323714
648,1.459732895,-1.528877227,-2.393629092,1.186019389
649,0.443477314,-0.241158855,-0.599269876,-1.471985731
650,-0.443285478,0.829003125,-1.204321351,-0.464305246
651,-1.519200365,0.574358377,0.041215278,-0.250902305
652,-1.679728151,0.029727835,-1.034582674,0.759985426
653,-0.867089831,-1.28998897,-0.771283928,0.003671899
654,-0.747564883,-2.48351229,-1.126188584,1.387602128
655,-1.437816487,-0.622573392,-0.411715315,-0.914044796
656,0.684848965,-0.14799264,-1.016007595,-0.493275942
657,1.400987395,0.395289787,-0.426564171,1.676631498
658,-1.502273874,0.177279065,-0.369808814,0.357993137
659,0.543736598,0.545145443,1.080630884,-0.820683573
660,-0.129195506,-0.729648963,0.652582036,0.928185132
661,0.017465428,1.780747283,0.511573877,-0.696667787
662,-0.951645211,-0.937622608,-0.727216689,-1.54620566
663,0.494881624,0.475255755,-0.684240592,-1.085087344
664,0.084467529,-0.22796379,0.801673214,-0.403525647
665,-0.023904992,-1.820880288,0.578188476,0.054370748
666,-1.410834155,0.935783418,-0.184683254,-0.358932798
667,0.058896394,0.487272321,0.655729213,0.598299053
668,0.224438583,-0.259382554,0.172717735,0.22748939
669,-0.601076444,1.63082132,-1.079196196,1.351595852
670,-0.194424166,0.066954415,0.889693206,0.499386293
671,-0.354100826,-1.074827754,-1.802562158,0.613544264
672,0.702759303,1.116522484,-0.712243654,-0.670480262
673,1.576173601,1.858385874,1.974361178,0.499288512
674,-0.867737511,-0.017634279,-0.292848863,0.232674296
675,-0.994588259,-0.883780746,-1.951990447,-0.347431478
676,-0.851422852,0.259042116,1.050618593,0.22537451
677,-0.862953073,-0.044310408,1.391167234,0.255138105
678,0.385828257,0.296101006,-0.888768369,-0.442039717
679,0.100120544,-0.685590804,-0.680556112,-0.653271607
680,0.421771495,0.838039785,1.016700803,0.880732592
681,-0.610746933,-0.647042862,-1.610859176,-0.536423781
682,-0.267897613,0.627479018,1.284425831,0.518316051
683,-1.337163274,-0.954382375,1.536732622,-0.978179073
684,-0.010113449,-0.536123658,0.703686489,1.034808872
685,0.392472343,-0.058542181,-0.723666625,0.989689841
686,1.466342795,-0.38557016,0.131904346,0.861691028
687,-0.378588597,0.301335689,0.223724985,0.621748381
688,-1.22897778,-0.653956438,1.798971176,0.337827978
689,0.961224181,1.253318262,0.097549608,-0.621464636
690,-2.23454774,-0.653513012,0.070377734,-0.791899181
691,0.876887661,-0.819647511,1.13580812,-0.801326078
692,-0.882548914,1.19632505,-1.950246934,-0.437839262
693,0.023667501,-1.421988875,-0.110606821,0.123171065
694,-2.000299951,-0.60500917,-0.829728397,-0.405943207
695,0.334570916,-1.144041539,0.683754937,-0.881252239
696,-1.758213892,0.966387884,-0.85891705,-1.322212249
697,0.008364668,-0.97291396,-0.649054898,-0.492358332
698,0.541656945,0.133703197,-0.350735029,0.582130452
699,-0.056302952,-2.703076346,-0.136305273,-0.218440411
700,1.200947632,0.081978597,2.109544366,0.448303957
701,1.512217983,0.307875725,0.39576397,-0.195092574
702,0.871349489,0.208885275,0.122472532,-1.216626621
703,0.012113003,-0.255616082,-0.817652505,-1.058075936
704,0.693520305,0.132933565,0.169935807,-0.432202517
705,1.244728773,-1.091931175,-0.81370589,0.331172245
706,-1.459430694,0.257093645,1.400488668,-0.065753597
707,0.710601611,2.683406484,-0.084289886,0.886916775
708,-0.504970419,-0.270124993,-1.397119433,1.370638886
709,-0.107768255,0.464443784,0.745626828,-0.936158921
710,-1.109310173,-0.113092471,-2.614619651,1.028465437
711,-1.4518198,0.920538953,-1.507003536,0.256306305
712,-1.22845054,0.486888989,1.102841365,-0.628326511
713,-0.665009143,-0.363670484,0.180304981,-1.14766213
714,1.109916101,0.44023312,-0.915429715,1.483784959
715,0.113475609,0.543723415,-0.394228954,-0.620155573
716,-0.583108018,0.502670563,-0.409926173,0.900145448
717,-0.768746764,-1.331174702,0.295285197,-1.119649852
718,-1.214680237,0.210747315,-0.16093308,0.9690283
719,-0.399654204,-0.74816151,-0.539580733,2.129362393
720,0.309464977,0.346621874,1.959577004,-1.781258699
721,-1.105607726,0.219630925,0.16402602,1.151079671
722,-1.024995558,0.928174389,0.24497893,0.41280393
723,-0.642164906,1.824833106,-2.507553706,0.085667364
724,-0.193177014,-0.316147893,-0.10866575,1.930047714
725,-0.184182834,-3.788134735,-1.710290581,1.691772109
726,0.652327661,-0.664838735,0.217456382,1.638765001
727,0.320686904,-0.26210552,-1.459961544,-2.10925442
728,1.016640156,0.54331816,1.027075458,0.30901088
729,0.309832997,-0.478909722,0.554925397,0.54808583
730,-0.430880837,-0.84468724,1.376683977,0.937008043
731,2.509978288,0.780523597,0.112561133,-0.488876564
732,-0.694180083,0.236517493,-0.932225187,-0.248181638
733,-0.614042939,-0.889278062,-1.121018812,0.727593117
734,-0.977957339,0.063404086,-0.041722549,0.999942665
735,0.779800323,-2.246767525,0.396168043,-0.283408085
736,-0.654572636,-0.80009135,-0.714546997,0.071840548
737,0.384743379,1.447882454,-1.406487716,0.5970285
738,0.969242083,-0.65434127,0.863014566,-0.511885747
739,-2.643907937,-0.104892647,0.660359413,2.13996835
740,0.509901992,2.210309776,-1.240546918,1.194688141
741,-1.437815514,1.032797578,-0.994579338,1.052882805
742,1.121434912,0.11048629,-0.855560044,0.793243642
743,0.666581613,0.482528509,-1.396461561,0.76644595
744,-0.181682282,1.46394356,-1.043134612,-0.641825667
745,0.870071518,1.366278381,-0.232785638,-0.881716649
746,-1.034623914,-0.371432579,1.26558115,1.105709216
747,0.269654454,1.300130408,-0.583607712,0.54946161
748,-0.047116686,1.016385684,-1.624855398,0.177061938
749,-0.059147253,-1.334150236,-0.174407792,0.16255318
750,-0.344385872,-0.579465781,-2.349019813,0.183218219
751,-0.05189478,0.936087833,0.26185432,1.698242988
752,0.030104562,0.457590733,0.764755375,0.016001385
753,-0.839145121,-0.228492704,-0.087424222,-0.660918916
754,1.293538709,0.08324108,-2.015392623,-0.404726181
755,-0.556352474,0.24333678,0.301613824,2.641373142
756,0.13614361,0.230044112,0.229295735,0.646735538
757,1.440537113,1.225682109,-0.117030049,-0.224278894
758,1.672853799,0.668377046,-0.45765705,0.172019117
759,-1.429137129,1.941314067,-1.397746443,-1.099755077
760,-1.009409934,-1.088340359,0.7291785,0.031977671
761,-0.242229644,-1.270163874,0.381573819,-0.769795393
762,-0.500451435,-2.305587344,-1.452721286,0.940135337
763,-1.348409426,-0.413034904,-0.524185421,-1.613740409
764,-0.650319559,-1.409650313,-0.68815426,0.539060436
765,1.387739118,0.307699416,0.135008197,1.093323889
766,-0.978339518,1.034402091,-1.675315094,1.429013948
767,0.858347388,0.488795283,-1.513324253,0.358034864
768,0.166264776,1.198597967,0.181540355,1.227298665
769,-0.545371477,0.168080595,0.080224036,0.900515685
770,1.237664302,-0.023726012,-1.748441218,-0.648725987
771,-1.792463029,-1.26604799,0.496243132,-0.013477733
772,0.573955956,1.461876883,0.575391202,0.986041409
773,-0.259336442,0.160923214,0.625874231,-1.212595745
774,-1.029491109,-0.281971278,1.514820829,0.492139809
775,-0.19727741,-0.012625236,-0.485667248,-0.269776156
776,-0.584529893,-0.955999774,-1.578666435,1.896121391
777,0.581913719,0.590751661,0.417169024,-0.08952853
778,-1.108017674,-0.208195589,-0.593810872,-1.321081999
779,-1.174687712,0.087482281,1.021486641,0.621707817
780,-0.444517872,1.662791146,-0.729131071,-0.922719379
781,-0.132528673,-0.729593798,1.650568608,0.685893065
782,-0.70485837,2.116734758,0.380891104,1.028153257
783,0.263596774,1.397492078,-1.924157529,0.469033599
784,1.055192883,-0.799391455,0.322064016,0.083409775
785,-0.628994809,0.648696656,-0.88018542,-0.345077308
786,0.36662124,0.417728784,-1.024063957,-1.733589283
787,-1.385472689,-0.173160357,-0.708970809,0.117008711
788,0.942433023,-1.41447979,-1.028279881,1.138088208
789,-0.579740188,0.014100979,-1.633028319,-1.422263952
790,1.345640219,-0.417156658,-1.346143121,-0.926275859
791,-0.851138629,1.115335935,0.276702967,-0.462909338
792,0.644445652,2.151922143,-2.2516773,-1.241075944
793,-0.16378933,0.577160487,-0.221694891,-1.308301583
794,-1.027746204,0.870652065,-0.267084719,0.810039985
795,0.748279075,-0.01318446,1.436372379,1.659910178
796,0.64754989,0.051799267,-1.072977481,1.168865514
797,-0.18348924,0.444661561,-0.846932444,-0.428025199
798,1.366711453,-0.664709486,-1.557044874,-0.771727031
799,0.070126895,-0.016022063,0.398900188,1.265580035
800,0.254734191,-0.707303145,0.809840419,-0.516768317
801,0.826287546,-1.237682341,0.8008879,1.498519625
802,0.375815091,0.156093715,-1.416789749,-0.301412721
803,0.346636512,1.647186244,2.437121936,0.187134722
804,0.491285303,0.634988725,1.12308212,-0.618783764
805,1.147766375,-0.463295838,1.726602147,-1.550325234
806,1.367679721,-0.236261959,0.114801775,0.379271526
807,-0.219247248,0.07711596,-2.010053809,-0.256021398
808,0.943626183,-0.456500064,0.676334768,-0.372063989
809,1.676842861,0.405574324,1.394917254,-1.199430836
810,0.821485417,-2.236362714,-0.365888497,0.530727406
811,-1.525031157,0.670850764,-0.114138559,-0.911327394
812,-0.521954494,-1.129902258,-0.766762339,-1.01960186
813,0.115707357,0.193199775,0.399853321,0.374892772
814,-0.577335722,-0.131745254,0.312524339,-0.562948242
815,0.644715895,0.85428999,-1.955423618,0.368966259
816,-0.545826104,-0.879223974,0.365398366,1.728915052
817,0.070116969,0.184668185,-0.860964958,1.142430559
818,-1.187971461,0.439236395,0.96886209,0.015108853
819,-1.881287262,-1.421078566,-1.286900914,0.453688248
820,-0.305894015,0.244526699,-0.335769242,-1.738854987
821,0.204430841,2.190730558,-1.093777251,0.07500436
822,0.558520546,0.194601741,-0.781014171,2.225549328
823,2.050875857,-1.307622906,-1.096576267,1.318720851
824,0.003751506,-1.041699188,-0.295813442,-0.811159293
825,0.132862152,1.02854489,-0.347710546,-0.128675152
826,0.228266134,0.725109402,-0.261977187,0.763795991
827,-2.498963862,-0.837084862,0.861315892,1.722335885
828,-0.079120877,0.338464325,-0.678280009,-1.887929867
829,-0.406664989,0.025531673,0.428686532,1.087283391
830,0.276906145,-0.35418534,0.334098997,-1.352604095
831,0.689515967,0.645082938,0.200531596,1.698905261
832,0.853200123,-0.894045496,0.70774438,-0.953926479
833,-0.290781364,0.389579735,-0.519982127,1.941428123
834,0.558007848,-0.230639414,-0.650382938,1.093586801
835,1.859569536,1.203512813,0.009341107,-0.644414045
836,0.6928228,-0.684562629,0.200966201,-0.389262331
837,-0.126107497,0.294402558,-0.847565223,-1.094004328
838,0.63989037,-1.369860014,-0.233470806,-0.911760781
839,-0.31288634,0.531012852,-0.788480834,1.347638161
840,0.780722832,-1.237193778,-1.279425671,1.345703836
841,0.430296104,0.312723352,0.188063929,0.789144992
842,0.186201137,-0.119979791,-0.267152765,0.812632439
843,-2.179258584,-2.09877903,0.530307742,0.843650691
844,0.067401336,-0.152093797,-1.089699177,-0.191300013
845,0.321127571,-0.095448827,-0.010094082,-1.147706841
846,-1.090043937,-0.075574869,0.483899366,0.949118289
847,1.363784803,0.488165404,-1.430232425,1.356875072
848,0.915707162,0.333258385,0.134412591,-1.128889499
849,-0.123053524,0.514128053,0.632895731,-0.068288452
850,-1.990606839,-0.228450908,-2.1363146,-1.057489133
851,0.677390369,1.934949909,1.575240714,1.300762098
852,-0.567885169,0.141693669,-0.107990902,-0.642139134
853,0.117452568,-0.758775266,-0.05819377,-0.232158712
854,-0.245640756,0.765053334,-1.307073143,-2.004231963
855,-1.593768782,-0.933180884,0.840871599,0.20949708
856,-0.671514429,-2.49632067,0.50347553,0.631155316
857,0.834107916,0.860159609,0.230651033,0.148248652
858,-0.880870377,1.33716523,-0.96972089,-2.02808073
859,0.035686901,0.081156735,-0.4099354,-0.504157387
860,0.477177509,-1.272869076,1.861660924,-0.473223618
861,-0.015105109,0.087762361,-1.356951795,-0.416229507
862,-0.023248806,-0.230935024,-1.081869126,0.294537511
863,-0.799034601,-0.344136376,1.18978062,-0.006309296
864,-0.244580275,0.581167365,-0.60043981,-0.09591196
865,-0.73782155,-1.238014216,-0.520503647,-0.777828143
866,-0.562889126,-1.390247567,-1.458496526,-1.488699283
867,-1.139632353,-0.031816556,-0.093611221,1.236403346
868,-0.155142532,-2.024912426,1.260386996,1.168874834
869,-0.526858112,1.708779196,-0.510379566,1.236610389
870,-1.92095405,-0.239934499,-0.264408313,-1.700947253
871,0.886511548,2.561280031,0.995159308,-1.176075485
872,0.21304497,-1.508151703,0.427837861,-0.733350546
873,0.761378779,-0.125728423,0.736399366,-1.573989012
874,1.493147482,-0.890581189,-1.009531068,-0.703659235
875,-0.441684555,2.121188012,-0.162419886,1.887857167
876,1.223299736,1.106056198,0.160156223,-0.219523854
877,1.31502767,-0.945365175,0.242926882,0.095918805
878,0.683497472,0.142684467,-0.859255311,-0.163163211
879,-0.97977239,-0.59386988,-1.931184573,0.586099663
880,0.737032608,0.008497804,-0.663886922,-0.507482007
881,-1.630441243,-0.478577549,-1.67710994,-0.371991976
882,-0.364326378,-0.606281314,-0.852737683,-0.241368512
883,1.911062527,0.881947588,0.533303998,0.416143225
884,0.118513669,-0.44636146,-0.175566352,-0.596335747
885,-1.278805692,0.686718439,0.154161134,-0.440522689
886,2.134376953,1.133012404,0.656225898,-0.078927227
887,1.062071011,0.270756671,-1.239253667,-1.672036197
888,0.131880258,0.973310021,-0.834280253,0.323122021
889,-0.723419896,-1.531345165,-1.203814903,0.547664315
890,1.411628123,0.485091178,-0.133286279,-1.285956926
891,0.76432813,-0.403505951,0.445663,0.95751018
892,1.661026367,-0.484019626,-1.34520608,-0.12980922
893,0.71458079,-1.199748961,-0.714733206,2.004860018
894,-0.149734974,1.224940175,-1.747944087,1.658024661
895,1.419508655,-2.215788912,-0.528253789,0.381872666
896,0.336834863,-0.155607877,1.885172757,-1.769844887
897,-1.406793011,-1.126808412,1.294055176,-1.435073911
898,2.872985058,0.922987331,0.81646044,1.150424784
899,0.843861562,0.74949399,0.336317286,-1.241842123
900,-0.213898718,0.514580005,0.606678366,-1.181618633
901,-0.046579994,-2.349750536,-0.453487381,-0.080670782
902,-1.143711054,-0.40130747,-0.646493625,-1.139748218
903,0.032243136,-0.603285172,0.768464528,2.044329489
904,-1.247518499,-0.362003467,0.161746278,-0.332694726
905,-1.936276669,-0.155145138,-0.891725665,1.14277185
906,0.425426846,2.476399675,1.891882416,-2.381844265
907,-0.274559074,0.808626982,-0.322461767,-0.097540134
908,0.104334726,0.019308896,0.044427053,-0.708020119
909,1.148870473,0.152343132,-0.665610695,0.563148711
910,0.837518037,-0.424986657,0.511977655,0.359232066
911,-0.984007282,-0.84777189,-1.636972047,0.015699033
912,1.562402239,-0.086295322,0.55293347,-1.924010478
913,-1.30130401,-0.28431307,-0.23811587,1.919607868
914,1.236501417,-0.09599602,0.70521922,-0.194945615
915,1.257707169,-1.132608726,0.476416002,0.450933087
916,1.719394843,-0.9022391,0.674501868,1.865404669
917,0.056076193,-1.482406079,-0.260352879,0.844498031
918,2.11721097,-0.320602694,0.754366538,1.089797942
919,0.581389853,-0.027104406,-0.727788563,3.066499084
920,-0.907109003,0.370098353,0.924076412,0.142403018
921,-1.770790796,0.530800949,-0.019963218,-0.421310662
922,-1.920757778,-0.016550537,-0.051405124,-0.406273026
923,0.861307413,-1.428414666,-0.944988241,-0.354150887
924,0.365857091,-1.192415787,-0.345436136,-0.056822051
925,0.529356132,0.269602664,1.756979181,1.895283405
926,0.364713956,0.556388642,0.24545438,1.587518485
927,-2.391888696,0.278546651,-1.77734779,-1.600900483
928,1.349797655,-0.013383042,0.908740588,-0.1836374
929,0.993622076,-0.832414251,2.399713534,0.077289574
930,-0.547946566,0.193960933,-0.323821298,-0.786825158
931,1.153938258,0.183201401,0.161787992,-1.251418173
932,0.456996466,0.188073387,-0.425024132,0.455106486
933,-0.052218374,-1.296191794,0.37136505,-0.002902033
934,-0.230601174,-1.466746329,0.57100901,-0.43926123
935,0.16218785,2.158165747,-1.20411184,-0.395414981
936,0.952134112,0.05982267,0.091865996,0.565323965
937,-1.555817867,0.327007129,-2.474612487,0.091936946
938,0.19988836,-0.571140526,2.146626071,1.851521682
939,-0.9955424,-0.386843078,-0.000100887,-0.335130435
940,0.263757813,-0.195575783,-0.843360351,0.002743646
941,0.031067816,-1.852902961,0.648482742,0.465474575
942,0.921734844,0.445064262,0.16726905,0.297400549
943,-0.031879318,1.525032159,0.31652487,-1.623564543
944,-0.872080834,0.145851631,0.659664853,-0.825242176
945,1.515764313,-1.095692985,-0.256296713,-0.11086989
946,2.004899553,0.23260681,-1.351428896,0.170720119
947,0.763564912,-1.047527296,1.279408797,-1.981614044
948,-1.060097028,-0.331706254,1.392413869,0.578160504
949,1.018037013,-0.292563268,-0.582841484,1.022424499
950,-0.452618956,-0.15043366,0.708176004,-0.947538947
951,0.105652586,-1.037781351,-0.548707545,-0.772628587
952,0.178672478,0.091244726,-1.366149509,1.208915698
953,-0.938886014,-0.904959874,1.330162812,0.835621245
954,0.480908713,-0.24127323,1.790671248,-0.761033841
955,-0.129569842,-0.785669913,-1.131654984,-0.664738838
956,0.056850726,0.093156027,-0.488862527,1.43735793
957,-0.05982508,0.232484904,-0.960675861,-1.035191465
958,0.774187513,-1.245408914,0.962506061,-2.129827157
959,0.403587936,0.629041259,-1.816982276,1.752247884
960,-0.504375764,-2.322887631,0.341927037,-1.063476026
961,0.817065798,-1.006922551,-0.82737227,-1.276903092
962,0.894116758,0.308027676,-1.224391507,0.261213652
963,-1.581199026,-0.972168222,-1.322488135,-0.168816729
964,1.183293289,0.103523517,-0.400990483,-0.531453812
965,-0.208609221,-0.333753685,-1.455171824,0.749872855
966,1.418003186,-0.572006991,1.94844977,0.879645797
967,0.389016193,0.312925626,-0.262643864,0.521946026
968,-0.515974847,1.504469834,1.614322427,0.126792639
969,1.150116309,-2.080636537,0.987331025,0.666793347
970,1.548047898,1.033716251,-0.441521991,1.048573468
971,0.824457953,0.005968558,0.29777814,-0.83775782
972,-0.268009406,-0.570010232,1.930603346,-0.625215262
973,0.846720285,-0.080270867,1.261871365,1.220827386
974,0.122405858,0.765183289,0.070283656,0.404228877
975,-0.480838754,1.478995291,-0.504812144,0.546084404
976,-0.458761424,0.957064204,-0.439813111,-0.086602163
977,1.262542411,0.140807295,1.885443502,0.490072344
978,-0.435909841,0.866213944,1.494539352,-0.368539642
979,-0.360876049,1.153910709,-0.901946382,-0.295875189
980,0.538230732,-0.922997333,0.612784837,-0.2524575
981,-0.11632829,-1.030317562,0.521620035,0.545979451
982,-1.503945316,-1.192046128,-0.765272645,0.799845937
983,0.376117085,1.2209279,-1.706506047,0.51983062
984,-1.868673407,-0.859799786,-0.813205862,-1.767315721
985,-1.73038624,-0.752335556,0.412112225,-1.25679
986,-0.242120281,1.544309747,1.390004613,-0.232296483
987,-3.364250008,-0.468513629,-0.064790384,0.403520052
988,-1.207590489,-1.627176883,-0.046594977,-0.03888838
989,0.132561449,0.309980893,-1.741260882,0.071768003
990,1.358877143,0.435870885,0.754501254,0.564960536
991,-1.031284859,-0.319887538,0.029490411,-2.050264566
992,0.282616044,0.458282579,0.21651002,0.148243718
993,-1.098292775,1.709072986,0.176758075,-1.440824276
994,-1.185294212,0.167379184,0.578166736,-1.90273872
995,0.080014303,2.321002571,-0.569001973,-1.463559907
996,0.558465672,-0.112900451,-0.71193273,0.893313343
997,2.532692982,0.27761089,-1.665114378,0.05311587
998,-1.190771561,-0.966410091,1.279950287,0.079401549
999,0.039665082,-0.092407133,0.429406427,1.408458582
