tau,e(s),z(t)=z(s)+e(s),z(t)-z(s)=e(s)
0,1.605095734,10,1.605095734
1,0.223472397,11.60509573,0.223472397
2,-1.785685808,11.82856813,-1.785685808
3,-1.183147611,10.04288232,-1.183147611
4,0.335688267,8.859734712,0.335688267
5,-0.103447734,9.195422979,-0.103447734
6,-1.849008774,9.091975245,-1.849008774
7,1.646809139,7.242966471,1.646809139
8,-0.819420984,8.88977561,-0.819420984
9,-0.451318836,8.070354626,-0.451318836
10,0.367527206,7.61903579,0.367527206
11,-0.338017796,7.986562996,-0.338017796
12,0.040808785,7.6485452,0.040808785
13,0.239942539,7.689353985,0.239942539
14,1.397083625,7.929296524,1.397083625
15,0.289392263,9.326380149,0.289392263
16,-0.500977337,9.615772412,-0.500977337
17,2.138631672,9.114795075,2.138631672
18,0.050117696,11.25342675,0.050117696
19,-0.767517694,11.30354444,-0.767517694
20,0.381879418,10.53602675,0.381879418
21,-1.243667027,10.91790617,-1.243667027
22,1.097636199,9.67423914,1.097636199
23,1.455602036,10.77187534,1.455602036
24,0.045662453,12.22747738,0.045662453
25,1.18032919,12.27313983,1.18032919
26,-1.222628343,13.45346902,-1.222628343
27,1.955250632,12.23084068,1.955250632
28,-0.009868171,14.18609131,-0.009868171
29,-0.416446061,14.17622314,-0.416446061
30,-1.15286903,13.75977708,-1.15286903
31,0.714300272,12.60690805,0.714300272
32,-0.936955422,13.32120832,-0.936955422
33,0.296313511,12.3842529,0.296313511
34,-0.45205385,12.68056641,-0.45205385
35,0.081544373,12.22851256,0.081544373
36,-1.458310434,12.31005693,-1.458310434
37,0.924679986,10.8517465,0.924679986
38,1.21458334,11.77642648,1.21458334
39,-1.28100725,12.99100982,-1.28100725
40,1.594028317,11.71000257,1.594028317
41,-0.53779317,13.30403089,-0.53779317
42,1.147090226,12.76623772,1.147090226
43,0.40975996,13.91332794,0.40975996
44,0.879400461,14.3230879,0.879400461
45,0.781655751,15.20248837,0.781655751
46,-0.445177745,15.98414412,-0.445177745
47,-0.080808065,15.53896637,-0.080808065
48,0.423151627,15.45815831,0.423151627
49,-2.667176762,15.88130993,-2.667176762
50,0.704551789,13.21413317,0.704551789
51,-0.400699892,13.91868496,-0.400699892
52,-1.211542146,13.51798507,-1.211542146
53,-2.392278486,12.30644292,-2.392278486
54,0.158694491,9.914164436,0.158694491
55,0.571666311,10.07285893,0.571666311
56,0.421129786,10.64452524,0.421129786
57,-1.264131432,11.06565502,-1.264131432
58,-1.026537195,9.801523592,-1.026537195
59,0.542506962,8.774986397,0.542506962
60,-1.897307916,9.317493359,-1.897307916
61,-1.093812442,7.420185443,-1.093812442
62,-0.999387262,6.326373001,-0.999387262
63,-1.18008085,5.326985739,-1.18008085
64,0.784946158,4.146904889,0.784946158
65,0.802321769,4.931851047,0.802321769
66,-0.902102508,5.734172816,-0.902102508
67,0.364308623,4.832070308,0.364308623
68,1.326262706,5.196378931,1.326262706
69,0.375302598,6.522641637,0.375302598
70,-1.469598154,6.897944235,-1.469598154
71,0.608010015,5.428346081,0.608010015
72,-0.973797944,6.036356096,-0.973797944
73,-1.597077638,5.062558152,-1.597077638
74,-0.661357706,3.465480514,-0.661357706
75,0.442818854,2.804122808,0.442818854
76,-0.574389415,3.246941662,-0.574389415
77,-0.89066844,2.672552247,-0.89066844
78,-0.593967453,1.781883807,-0.593967453
79,2.648341528,1.187916354,2.648341528
80,-0.750871741,3.836257882,-0.750871741
81,-0.820232605,3.085386141,-0.820232605
82,1.171782204,2.265153536,1.171782204
83,-0.070813671,3.43693574,-0.070813671
84,-0.260238419,3.366122069,-0.260238419
85,-0.397755403,3.10588365,-0.397755403
86,0.597860281,2.708128247,0.597860281
87,-0.353826683,3.305988528,-0.353826683
88,1.415792424,2.952161845,1.415792424
89,0.271874875,4.367954269,0.271874875
90,0.242149509,4.639829144,0.242149509
91,0.031980839,4.881978653,0.031980839
92,0.126099889,4.913959492,0.126099889
93,0.897741878,5.040059381,0.897741878
94,-0.332923267,5.937801259,-0.332923267
95,-0.51165345,5.604877992,-0.51165345
96,0.85055704,5.093224542,0.85055704
97,-0.634090071,5.943781582,-0.634090071
98,0.333268589,5.309691511,0.333268589
99,0.611245307,5.6429601,0.611245307
100,0.815565648,6.254205407,0.815565648
101,-1.217727666,7.069771055,-1.217727666
102,-0.696875121,5.852043389,-0.696875121
103,-2.42885924,5.155168268,-2.42885924
104,-1.210139602,2.726309028,-1.210139602
105,-1.848597865,1.516169426,-1.848597865
106,0.221497028,-0.332428439,0.221497028
107,0.761625368,-0.110931411,0.761625368
108,0.922608196,0.650693957,0.922608196
109,-1.633323792,1.573302153,-1.633323792
110,1.431789086,-0.060021639,1.431789086
111,-0.653187282,1.371767447,-0.653187282
112,-0.851123705,0.718580165,-0.851123705
113,2.074674326,-0.13254354,2.074674326
114,-0.046684002,1.942130786,-0.046684002
115,-0.821516332,1.895446784,-0.821516332
116,0.130980335,1.073930452,0.130980335
117,-0.934066697,1.204910787,-0.934066697
118,0.917841357,0.27084409,0.917841357
119,-0.653767488,1.188685447,-0.653767488
120,0.773959697,0.534917959,0.773959697
121,1.38832305,1.308877656,1.38832305
122,0.733942758,2.697200706,0.733942758
123,-0.064845893,3.431143464,-0.064845893
124,-0.135978063,3.366297571,-0.135978063
125,0.129941892,3.230319508,0.129941892
126,0.786067122,3.3602614,0.786067122
127,1.915096823,4.146328522,1.915096823
128,-1.007507604,6.061425345,-1.007507604
129,1.479168692,5.053917741,1.479168692
130,1.713928208,6.533086433,1.713928208
131,-0.403191586,8.247014641,-0.403191586
132,-0.289087307,7.843823055,-0.289087307
133,0.924287295,7.554735748,0.924287295
134,-1.837797918,8.479023043,-1.837797918
135,0.893188131,6.641225125,0.893188131
136,-1.116106137,7.534413256,-1.116106137
137,-0.483893774,6.418307119,-0.483893774
138,-0.189596867,5.934413345,-0.189596867
139,-0.657237132,5.744816478,-0.657237132
140,1.796398519,5.087579346,1.796398519
141,-0.239807349,6.883977865,-0.239807349
142,0.32924675,6.644170516,0.32924675
143,-0.41928942,6.973417266,-0.41928942
144,-1.918593788,6.554127846,-1.918593788
145,-0.216614814,4.635534058,-0.216614814
146,-2.322678368,4.418919244,-2.322678368
147,0.325154677,2.096240876,0.325154677
148,0.408985987,2.421395553,0.408985987
149,1.114133145,2.83038154,1.114133145
150,-1.277937959,3.944514685,-1.277937959
151,-0.235382519,2.666576726,-0.235382519
152,1.616260028,2.431194207,1.616260028
153,0.455760576,4.047454235,0.455760576
154,-0.472792295,4.503214811,-0.472792295
155,1.4678953,4.030422516,1.4678953
156,-0.518881097,5.498317816,-0.518881097
157,-0.245121996,4.979436719,-0.245121996
158,0.077909579,4.734314723,0.077909579
159,0.775766864,4.812224302,0.775766864
160,-1.17770318,5.587991166,-1.17770318
161,1.834042126,4.410287986,1.834042126
162,-0.285594583,6.244330112,-0.285594583
163,-0.227519013,5.958735529,-0.227519013
164,1.814669874,5.731216516,1.814669874
165,1.431183552,7.54588639,1.431183552
166,-1.43857401,8.977069942,-1.43857401
167,1.025170509,7.538495932,1.025170509
168,-0.442069386,8.563666441,-0.442069386
169,0.519796303,8.121597055,0.519796303
170,0.449215306,8.641393358,0.449215306
171,0.939586219,9.090608664,0.939586219
172,-0.630586699,10.03019488,-0.630586699
173,0.504513509,9.399608184,0.504513509
174,0.512194548,9.904121693,0.512194548
175,-0.206758422,10.41631624,-0.206758422
176,0.607137028,10.20955782,0.607137028
177,1.718949415,10.81669485,1.718949415
178,1.240597616,12.53564426,1.240597616
179,-0.059992561,13.77624188,-0.059992561
180,-0.399020666,13.71624932,-0.399020666
181,-0.338862728,13.31722865,-0.338862728
182,0.421860983,12.97836592,0.421860983
183,1.579344607,13.40022691,1.579344607
184,0.125680228,14.97957151,0.125680228
185,1.740061144,15.10525174,1.740061144
186,-0.386004435,16.84531289,-0.386004435
187,-0.881353223,16.45930845,-0.881353223
188,-0.32165668,15.57795523,-0.32165668
189,0.28856115,15.25629855,0.28856115
190,0.599103765,15.5448597,0.599103765
191,0.984789183,16.14396346,0.984789183
192,-0.131792123,17.12875265,-0.131792123
193,0.095169851,16.99696052,0.095169851
194,-1.087798025,17.09213037,-1.087798025
195,0.725062393,16.00433235,0.725062393
196,1.580661316,16.72939474,1.580661316
197,0.406112556,18.31005606,0.406112556
198,0.766903199,18.71616861,0.766903199
199,2.487075075,19.48307181,2.487075075
200,-0.987988246,21.97014689,-0.987988246
201,0.566120086,20.98215864,0.566120086
202,1.782246596,21.54827873,1.782246596
203,-1.395539942,23.33052532,-1.395539942
204,-0.176225034,21.93498538,-0.176225034
205,1.788672009,21.75876035,1.788672009
206,0.70000929,23.54743236,0.70000929
207,0.037785218,24.24744165,0.037785218
208,-1.146192709,24.28522686,-1.146192709
209,-0.548916801,23.13903416,-0.548916801
210,0.301418818,22.59011735,0.301418818
211,0.059384281,22.89153617,0.059384281
212,-0.549161951,22.95092045,-0.549161951
213,-0.476024539,22.4017585,-0.476024539
214,-1.321956908,21.92573396,-1.321956908
215,-0.531413289,20.60377706,-0.531413289
216,-0.471672838,20.07236377,-0.471672838
217,1.401288135,19.60069093,1.401288135
218,-0.990523156,21.00197906,-0.990523156
219,0.271218944,20.01145591,0.271218944
220,1.971937044,20.28267485,1.971937044
221,0.48846739,22.2546119,0.48846739
222,-1.386143336,22.74307929,-1.386143336
223,-1.520233129,21.35693595,-1.520233129
224,0.637335523,19.83670282,0.637335523
225,1.70198192,20.47403834,1.70198192
226,0.280982275,22.17602026,0.280982275
227,1.850521059,22.45700254,1.850521059
228,1.018848304,24.3075236,1.018848304
229,0.994068055,25.3263719,0.994068055
230,1.471714507,26.32043996,1.471714507
231,-0.080957973,27.79215446,-0.080957973
232,0.346127883,27.71119649,0.346127883
233,0.451369207,28.05732437,0.451369207
234,-0.234695947,28.50869358,-0.234695947
235,0.057350888,28.27399763,0.057350888
236,0.719230748,28.33134852,0.719230748
237,-0.181998408,29.05057927,-0.181998408
238,-0.614190606,28.86858086,-0.614190606
239,-0.566536475,28.25439026,-0.566536475
240,0.325341509,27.68785378,0.325341509
241,0.259131098,28.01319529,0.259131098
242,0.813558054,28.27232639,0.813558054
243,0.302279288,29.08588444,0.302279288
244,-0.098722546,29.38816373,-0.098722546
245,1.267804974,29.28944118,1.267804974
246,-0.499388469,30.55724616,-0.499388469
247,-2.072110885,30.05785769,-2.072110885
248,-1.342864414,27.9857468,-1.342864414
249,1.50295409,26.64288239,1.50295409
250,-1.895660884,28.14583648,-1.895660884
251,1.071143333,26.2501756,1.071143333
252,2.086343389,27.32131893,2.086343389
253,-0.230910131,29.40766232,-0.230910131
254,0.750076374,29.17675219,0.750076374
255,-0.274861012,29.92682856,-0.274861012
256,1.024714585,29.65196755,1.024714585
257,1.170692716,30.67668213,1.170692716
258,0.457583847,31.84737485,0.457583847
259,0.914481627,32.3049587,0.914481627
260,0.99546756,33.21944032,0.99546756
261,0.995970723,34.21490788,0.995970723
262,-1.331700515,35.21087861,-1.331700515
263,-1.083267128,33.87917809,-1.083267128
264,0.210632515,32.79591096,0.210632515
265,0.733480224,33.00654348,0.733480224
266,0.559315256,33.7400237,0.559315256
267,-1.62342831,34.29933896,-1.62342831
268,-0.814841983,32.67591065,-0.814841983
269,-0.714807182,31.86106867,-0.714807182
270,0.488734095,31.14626148,0.488734095
271,0.142278973,31.63499558,0.142278973
272,-0.577916265,31.77727455,-0.577916265
273,0.610964094,31.19935829,0.610964094
274,0.75668683,31.81032238,0.75668683
275,-0.411404038,32.56700921,-0.411404038
276,-0.085360559,32.15560517,-0.085360559
277,0.711631539,32.07024461,0.711631539
278,-2.039546644,32.78187615,-2.039546644
279,-0.522104615,30.74232951,-0.522104615
280,1.782523819,30.22022489,1.782523819
281,-1.010059931,32.00274871,-1.010059931
282,-0.359314504,30.99268878,-0.359314504
283,-2.349597838,30.63337428,-2.349597838
284,-0.654166659,28.28377644,-0.654166659
285,0.295703425,27.62960978,0.295703425
286,0.188735531,27.92531321,0.188735531
287,-1.539166307,28.11404874,-1.539166307
288,-0.094665678,26.57488243,-0.094665678
289,-0.810567918,26.48021675,-0.810567918
290,0.551331042,25.66964883,0.551331042
291,-1.152450948,26.22097988,-1.152450948
292,-0.267528373,25.06852893,-0.267528373
293,-0.412281858,24.80100055,-0.412281858
294,1.234405045,24.3887187,1.234405045
295,-1.795928238,25.62312374,-1.795928238
296,-1.626241214,23.8271955,-1.626241214
297,1.424209796,22.20095429,1.424209796
298,-1.21622238,23.62516409,-1.21622238
299,-0.980428084,22.40894171,-0.980428084
300,-1.540564531,21.42851362,-1.540564531
301,-1.425390741,19.88794909,-1.425390741
302,-0.10529351,18.46255835,-0.10529351
303,-0.040369338,18.35726484,-0.040369338
304,-1.498490017,18.3168955,-1.498490017
305,-0.806804232,16.81840548,-0.806804232
306,0.870506502,16.01160125,0.870506502
307,0.124645524,16.88210775,0.124645524
308,1.578419068,17.00675328,1.578419068
309,1.253312946,18.58517235,1.253312946
310,0.750991251,19.83848529,0.750991251
311,-0.685789427,20.58947654,-0.685789427
312,0.74501941,19.90368712,0.74501941
313,-2.400132011,20.64870653,-2.400132011
314,-0.910892144,18.24857452,-0.910892144
315,-0.163279303,17.33768237,-0.163279303
316,1.191960966,17.17440307,1.191960966
317,2.279831124,18.36636403,2.279831124
318,-0.170697826,20.64619516,-0.170697826
319,-1.655154892,20.47549733,-1.655154892
320,0.354113775,18.82034244,0.354113775
321,-0.095962517,19.17445622,-0.095962517
322,0.427057814,19.0784937,0.427057814
323,0.554913748,19.50555151,0.554913748
324,-0.53719936,20.06046526,-0.53719936
325,0.093465153,19.5232659,0.093465153
326,0.59425945,19.61673105,0.59425945
327,0.067928126,20.2109905,0.067928126
328,-0.194207962,20.27891863,-0.194207962
329,-0.831758383,20.08471067,-0.831758383
330,-0.267791065,19.25295228,-0.267791065
331,-0.272315073,18.98516122,-0.272315073
332,-1.060526771,18.71284615,-1.060526771
333,0.110024943,17.65231938,0.110024943
334,-1.230294428,17.76234432,-1.230294428
335,1.430808478,16.53204989,1.430808478
336,0.26017729,17.96285837,0.26017729
337,-1.445496146,18.22303566,-1.445496146
338,-1.014324951,16.77753951,-1.014324951
339,-0.396320216,15.76321456,-0.396320216
340,-2.930755006,15.36689435,-2.930755006
341,-1.384097818,12.43613934,-1.384097818
342,0.909369298,11.05204152,0.909369298
343,-0.929894849,11.96141082,-0.929894849
344,1.913244464,11.03151597,1.913244464
345,0.225450713,12.94476043,0.225450713
346,0.158054985,13.17021115,0.158054985
347,-1.233173053,13.32826613,-1.233173053
348,-0.204127533,12.09509308,-0.204127533
349,0.831825559,11.89096555,0.831825559
350,-1.478673078,12.72279111,-1.478673078
351,0.03947244,11.24411803,0.03947244
352,0.591139187,11.28359047,0.591139187
353,0.324949832,11.87472965,0.324949832
354,-0.403059955,12.19967949,-0.403059955
355,-0.206756531,11.79661953,-0.206756531
356,-0.424820513,11.589863,-0.424820513
357,-1.629322158,11.16504249,-1.629322158
358,0.949660205,9.535720329,0.949660205
359,0.046874512,10.48538053,0.046874512
360,1.950577887,10.53225505,1.950577887
361,-0.43229654,12.48283293,-0.43229654
362,1.866195534,12.05053639,1.866195534
363,0.602987589,13.91673193,0.602987589
364,-0.114613476,14.51971952,-0.114613476
365,-0.420913654,14.40510604,-0.420913654
366,-0.986809131,13.98419239,-0.986809131
367,0.011648844,12.99738326,0.011648844
368,0.723378148,13.0090321,0.723378148
369,-0.905850538,13.73241025,-0.905850538
370,1.008373225,12.82655971,1.008373225
371,-1.304837197,13.83493293,-1.304837197
372,-0.418234096,12.53009574,-0.418234096
373,0.898347887,12.11186164,0.898347887
374,-1.768402194,13.01020953,-1.768402194
375,0.600274705,11.24180733,0.600274705
376,-0.313842161,11.84208204,-0.313842161
377,-1.695052767,11.52823988,-1.695052767
378,0.47037402,9.833187111,0.47037402
379,-0.668081424,10.30356113,-0.668081424
380,3.006138667,9.635479707,3.006138667
381,0.877262515,12.64161837,0.877262515
382,0.626307867,13.51888089,0.626307867
383,0.290886121,14.14518876,0.290886121
384,-0.150363353,14.43607488,-0.150363353
385,1.639118897,14.28571152,1.639118897
386,0.402270501,15.92483042,0.402270501
387,-0.637390088,16.32710092,-0.637390088
388,0.411799083,15.68971083,0.411799083
389,1.183916145,16.10150992,1.183916145
390,-0.247358602,17.28542606,-0.247358602
391,-1.145249028,17.03806746,-1.145249028
392,0.441008222,15.89281843,0.441008222
393,0.381539268,16.33382665,0.381539268
394,1.277388483,16.71536592,1.277388483
395,-0.071847228,17.99275441,-0.071847228
396,-1.4807582,17.92090718,-1.4807582
397,0.593340156,16.44014898,0.593340156
398,1.88986831,17.03348913,1.88986831
399,-1.253611296,18.92335744,-1.253611296
400,1.042955222,17.66974615,1.042955222
401,-0.112665487,18.71270137,-0.112665487
402,-0.570280507,18.60003588,-0.570280507
403,-0.021435959,18.02975538,-0.021435959
404,-0.931813125,18.00831942,-0.931813125
405,2.857815303,17.07650629,2.857815303
406,0.336724141,19.93432159,0.336724141
407,0.102694444,20.27104574,0.102694444
408,0.217402358,20.37374018,0.217402358
409,0.885445967,20.59114254,0.885445967
410,-0.403501546,21.4765885,-0.403501546
411,-1.194962074,21.07308696,-1.194962074
412,1.464075386,19.87812488,1.464075386
413,-1.457768521,21.34220027,-1.457768521
414,0.021927419,19.88443175,0.021927419
415,-0.830123362,19.90635917,-0.830123362
416,-1.944540904,19.07623581,-1.944540904
417,0.111940167,17.1316949,0.111940167
418,1.384606288,17.24363507,1.384606288
419,0.621441985,18.62824136,0.621441985
420,-0.97153736,19.24968334,-0.97153736
421,-0.468056524,18.27814598,-0.468056524
422,-1.221181936,17.81008946,-1.221181936
423,1.676987679,16.58890752,1.676987679
424,-0.087125848,18.2658952,-0.087125848
425,0.385588153,18.17876935,0.385588153
426,0.23135533,18.56435751,0.23135533
427,-0.528705593,18.79571284,-0.528705593
428,-0.761523122,18.26700724,-0.761523122
429,-0.195110476,17.50548412,-0.195110476
430,0.06835362,17.31037365,0.06835362
431,-0.344976415,17.37872727,-0.344976415
432,0.138096285,17.03375085,0.138096285
433,0.910145059,17.17184714,0.910145059
434,-1.595882008,18.08199219,-1.595882008
435,0.364783883,16.48611019,0.364783883
436,0.414177701,16.85089407,0.414177701
437,-0.914141745,17.26507177,-0.914141745
438,1.41245432,16.35093003,1.41245432
439,1.139138917,17.76338435,1.139138917
440,-0.825383871,18.90252326,-0.825383871
441,-2.667414117,18.07713939,-2.667414117
442,1.096360311,15.40972527,1.096360311
443,-2.436816064,16.50608559,-2.436816064
444,0.63349401,14.06926952,0.63349401
445,-1.284803659,14.70276353,-1.284803659
446,0.698291694,13.41795987,0.698291694
447,-1.410028094,14.11625157,-1.410028094
448,-0.6451769,12.70622347,-0.6451769
449,0.530022013,12.06104657,0.530022013
450,0.144160711,12.59106859,0.144160711
451,1.038258825,12.7352293,1.038258825
452,-1.444264207,13.77348812,-1.444264207
453,-0.974473104,12.32922391,-0.974473104
454,1.021370073,11.35475081,1.021370073
455,-0.270773364,12.37612088,-0.270773364
456,-1.735006348,12.10534752,-1.735006348
457,0.747245206,10.37034117,0.747245206
458,-0.473462764,11.11758638,-0.473462764
459,-0.558119147,10.64412361,-0.558119147
460,-0.784429057,10.08600447,-0.784429057
461,-0.463621878,9.301575409,-0.463621878
462,0.575398218,8.837953531,0.575398218
463,0.55630095,9.413351749,0.55630095
464,0.587588277,9.969652699,0.587588277
465,-0.596587639,10.55724098,-0.596587639
466,0.667835449,9.960653337,0.667835449
467,0.23745611,10.62848879,0.23745611
468,0.998611727,10.8659449,0.998611727
469,-0.217607844,11.86455662,-0.217607844
470,-0.109804902,11.64694878,-0.109804902
471,0.743675799,11.53714388,0.743675799
472,-0.102076448,12.28081968,-0.102076448
473,0.771395119,12.17874323,0.771395119
474,0.930597037,12.95013835,0.930597037
475,-0.213781745,13.88073538,-0.213781745
476,-0.269778245,13.66695364,-0.269778245
477,0.908877092,13.39717539,0.908877092
478,0.757550744,14.30605249,0.757550744
479,-0.858152369,15.06360323,-0.858152369
480,-0.001595836,14.20545086,-0.001595836
481,0.812296858,14.20385503,0.812296858
482,-0.346561796,15.01615188,-0.346561796
483,1.060189985,14.66959009,1.060189985
484,0.264446199,15.72978007,0.264446199
485,0.466827428,15.99422627,0.466827428
486,1.309363494,16.4610537,1.309363494
487,0.16705301,17.77041719,0.16705301
488,2.06827723,17.9374702,2.06827723
489,-1.481516802,20.00574743,-1.481516802
490,0.099480204,18.52423063,0.099480204
491,0.831475211,18.62371084,0.831475211
492,-0.433345217,19.45518605,-0.433345217
493,0.294212225,19.02184083,0.294212225
494,-0.831775582,19.31605305,-0.831775582
495,-0.888540713,18.48427747,-0.888540713
496,0.834081824,17.59573676,0.834081824
497,-1.074901043,18.42981858,-1.074901043
498,-1.398070872,17.35491754,-1.398070872
499,0.331254286,15.95684667,0.331254286
500,-0.513705286,16.28810095,-0.513705286
501,-0.314865391,15.77439567,-0.314865391
502,0.074364894,15.45953028,0.074364894
503,-0.943671469,15.53389517,-0.943671469
504,1.813177548,14.5902237,1.813177548
505,-0.876046269,16.40340125,-0.876046269
506,-0.613085961,15.52735498,-0.613085961
507,-1.109886957,14.91426902,-1.109886957
508,1.284114627,13.80438206,1.284114627
509,-0.649059284,15.08849669,-0.649059284
510,0.391783068,14.43943741,0.391783068
511,-0.526539049,14.83122047,-0.526539049
512,-0.288080807,14.30468143,-0.288080807
513,0.967995171,14.01660062,0.967995171
514,-1.143290474,14.98459579,-1.143290474
515,0.146234594,13.84130532,0.146234594
516,-0.4656199,13.98753991,-0.4656199
517,0.523928058,13.52192001,0.523928058
518,1.190376047,14.04584807,1.190376047
519,-1.191097994,15.23622411,-1.191097994
520,0.188533093,14.04512612,0.188533093
521,1.073832648,14.23365921,1.073832648
522,0.619493362,15.30749186,0.619493362
523,0.75799697,15.92698522,0.75799697
524,0.675976318,16.68498219,0.675976318
525,-0.154866208,17.36095851,-0.154866208
526,-0.082882928,17.2060923,-0.082882928
527,-0.86813487,17.12320938,-0.86813487
528,-0.526225572,16.25507451,-0.526225572
529,-0.404630514,15.72884893,-0.404630514
530,-0.134707715,15.32421842,-0.134707715
531,2.401680653,15.1895107,2.401680653
532,-3.210602943,17.59119136,-3.210602943
533,0.63217628,14.38058841,0.63217628
534,-0.310574939,15.01276469,-0.310574939
535,-0.13515107,14.70218976,-0.13515107
536,-0.627813929,14.56703869,-0.627813929
537,-0.434850319,13.93922476,-0.434850319
538,-1.428378419,13.50437444,-1.428378419
539,0.030779508,12.07599602,0.030779508
540,-1.118526343,12.10677553,-1.118526343
541,1.035966861,10.98824918,1.035966861
542,-1.840926609,12.02421604,-1.840926609
543,0.086813835,10.18328944,0.086813835
544,0.280456664,10.27010327,0.280456664
545,-1.485904799,10.55055993,-1.485904799
546,-0.414003144,9.064655135,-0.414003144
547,0.947268802,8.650651991,0.947268802
548,-0.079596231,9.597920793,-0.079596231
549,-0.866824047,9.518324562,-0.866824047
550,0.432697033,8.651500515,0.432697033
551,0.001537057,9.084197548,0.001537057
552,0.278488387,9.085734605,0.278488387
553,0.292494757,9.364222992,0.292494757
554,-0.692594743,9.656717749,-0.692594743
555,-0.5209192,8.964123006,-0.5209192
556,0.546066115,8.443203806,0.546066115
557,2.172046679,8.989269921,2.172046679
558,-0.905550815,11.1613166,-0.905550815
559,-0.976715309,10.25576579,-0.976715309
560,-0.085413713,9.279050476,-0.085413713
561,0.008082846,9.193636763,0.008082846
562,-2.006618207,9.201719609,-2.006618207
563,-0.591258699,7.195101402,-0.591258699
564,1.192248454,6.603842703,1.192248454
565,-0.099648694,7.796091157,-0.099648694
566,-1.287016298,7.696442463,-1.287016298
567,-0.573175866,6.409426165,-0.573175866
568,-0.385604611,5.836250299,-0.385604611
569,-0.464008654,5.450645688,-0.464008654
570,0.494346599,4.986637034,0.494346599
571,-0.570708033,5.480983633,-0.570708033
572,-0.1608075,4.9102756,-0.1608075
573,0.067172893,4.7494681,0.067172893
574,0.224457083,4.816640993,0.224457083
575,0.233942009,5.041098076,0.233942009
576,-0.531489085,5.275040085,-0.531489085
577,0.126742778,4.743551,0.126742778
578,-0.195205173,4.870293778,-0.195205173
579,-0.94511557,4.675088605,-0.94511557
580,-1.449808945,3.729973035,-1.449808945
581,-0.019286347,2.28016409,-0.019286347
582,0.665569957,2.260877743,0.665569957
583,0.153974106,2.9264477,0.153974106
584,0.568191374,3.080421806,0.568191374
585,1.790066469,3.64861318,1.790066469
586,-0.600991502,5.438679649,-0.600991502
587,-0.426257797,4.837688147,-0.426257797
588,-0.099822149,4.41143035,-0.099822149
589,-0.8619701,4.311608201,-0.8619701
590,-0.356434861,3.449638101,-0.356434861
591,1.327840822,3.09320324,1.327840822
592,-0.357946925,4.421044062,-0.357946925
593,0.242201512,4.063097137,0.242201512
594,0.294885123,4.305298649,0.294885123
595,-0.051986132,4.600183772,-0.051986132
596,0.017662415,4.54819764,0.017662415
597,0.257995806,4.565860055,0.257995806
598,0.062920688,4.823855861,0.062920688
599,0.229701502,4.886776549,0.229701502
600,1.050513234,5.116478051,1.050513234
601,1.309684373,6.166991285,1.309684373
602,-0.772147747,7.476675658,-0.772147747
603,1.938539945,6.704527911,1.938539945
604,-0.799273802,8.643067856,-0.799273802
605,1.793625127,7.843794054,1.793625127
606,1.185481897,9.637419181,1.185481897
607,1.453547998,10.82290108,1.453547998
608,0.687980988,12.27644908,0.687980988
609,1.013289355,12.96443006,1.013289355
610,0.642426135,13.97771942,0.642426135
611,-0.841408878,14.62014555,-0.841408878
612,0.174929807,13.77873668,0.174929807
613,-0.400227014,13.95366648,-0.400227014
614,-1.084548829,13.55343947,-1.084548829
615,0.33575305,12.46889064,0.33575305
616,-2.28984931,12.80464369,-2.28984931
617,-0.668707947,10.51479438,-0.668707947
618,3.043029929,9.846086433,3.043029929
619,-0.478376661,12.88911636,-0.478376661
620,-0.611059601,12.4107397,-0.611059601
621,-0.215186526,11.7996801,-0.215186526
622,0.338606878,11.58449357,0.338606878
623,-0.886550714,11.92310045,-0.886550714
624,0.261159284,11.03654974,0.261159284
625,-0.511730396,11.29770902,-0.511730396
626,-0.672264105,10.78597863,-0.672264105
627,-0.163180938,10.11371452,-0.163180938
628,0.834361297,9.950533583,0.834361297
629,2.862994114,10.78489488,2.862994114
630,0.68104559,13.64788899,0.68104559
631,0.422782614,14.32893458,0.422782614
632,-1.919122774,14.7517172,-1.919122774
633,0.474204958,12.83259442,0.474204958
634,0.941892353,13.30679938,0.941892353
635,-0.926625291,14.24869174,-0.926625291
636,0.623910482,13.32206644,0.623910482
637,0.371923415,13.94597693,0.371923415
638,1.578942783,14.31790034,1.578942783
639,0.628222271,15.89684312,0.628222271
640,-0.784047895,16.5250654,-0.784047895
641,-1.06992376,15.7410175,-1.06992376
642,0.75708874,14.67109374,0.75708874
643,-0.032861822,15.42818248,-0.032861822
644,0.092976814,15.39532066,0.092976814
645,1.753897904,15.48829747,1.753897904
646,-0.253022482,17.24219538,-0.253022482
647,0.203964703,16.98917289,0.203964703
648,1.459732895,17.1931376,1.459732895
649,0.443477314,18.65287049,0.443477314
650,-0.443285478,19.09634781,-0.443285478
651,-1.519200365,18.65306233,-1.519200365
652,-1.679728151,17.13386196,-1.679728151
653,-0.867089831,15.45413381,-0.867089831
654,-0.747564883,14.58704398,-0.747564883
655,-1.437816487,13.8394791,-1.437816487
656,0.684848965,12.40166261,0.684848965
657,1.400987395,13.08651158,1.400987395
658,-1.502273874,14.48749897,-1.502273874
659,0.543736598,12.9852251,0.543736598
660,-0.129195506,13.5289617,-0.129195506
661,0.017465428,13.39976619,0.017465428
662,-0.951645211,13.41723162,-0.951645211
663,0.494881624,12.46558641,0.494881624
664,0.084467529,12.96046803,0.084467529
665,-0.023904992,13.04493556,-0.023904992
666,-1.410834155,13.02103057,-1.410834155
667,0.058896394,11.61019641,0.058896394
668,0.224438583,11.66909281,0.224438583
669,-0.601076444,11.89353139,-0.601076444
670,-0.194424166,11.29245495,-0.194424166
671,-0.354100826,11.09803078,-0.354100826
672,0.702759303,10.74392995,0.702759303
673,1.576173601,11.44668926,1.576173601
674,-0.867737511,13.02286286,-0.867737511
675,-0.994588259,12.15512535,-0.994588259
676,-0.851422852,11.16053709,-0.851422852
677,-0.862953073,10.30911424,-0.862953073
678,0.385828257,9.446161162,0.385828257
679,0.100120544,9.831989419,0.100120544
680,0.421771495,9.932109963,0.421771495
681,-0.610746933,10.35388146,-0.610746933
682,-0.267897613,9.743134525,-0.267897613
683,-1.337163274,9.475236912,-1.337163274
684,-0.010113449,8.138073638,-0.010113449
685,0.392472343,8.127960189,0.392472343
686,1.466342795,8.520432532,1.466342795
687,-0.378588597,9.986775327,-0.378588597
688,-1.22897778,9.60818673,-1.22897778
689,0.961224181,8.37920895,0.961224181
690,-2.23454774,9.340433131,-2.23454774
691,0.876887661,7.105885391,0.876887661
692,-0.882548914,7.982773052,-0.882548914
693,0.023667501,7.100224138,0.023667501
694,-2.000299951,7.123891639,-2.000299951
695,0.334570916,5.123591688,0.334570916
696,-1.758213892,5.458162604,-1.758213892
697,0.008364668,3.699948712,0.008364668
698,0.541656945,3.70831338,0.541656945
699,-0.056302952,4.249970325,-0.056302952
700,1.200947632,4.193667373,1.200947632
701,1.512217983,5.394615005,1.512217983
702,0.871349489,6.906832988,0.871349489
703,0.012113003,7.778182477,0.012113003
704,0.693520305,7.79029548,0.693520305
705,1.244728773,8.483815785,1.244728773
706,-1.459430694,9.728544558,-1.459430694
707,0.710601611,8.269113864,0.710601611
708,-0.504970419,8.979715475,-0.504970419
709,-0.107768255,8.474745056,-0.107768255
710,-1.109310173,8.366976801,-1.109310173
711,-1.4518198,7.257666628,-1.4518198
712,-1.22845054,5.805846828,-1.22845054
713,-0.665009143,4.577396288,-0.665009143
714,1.109916101,3.912387145,1.109916101
715,0.113475609,5.022303246,0.113475609
716,-0.583108018,5.135778855,-0.583108018
717,-0.768746764,4.552670837,-0.768746764
718,-1.214680237,3.783924073,-1.214680237
719,-0.399654204,2.569243836,-0.399654204
720,0.309464977,2.169589632,0.309464977
721,-1.105607726,2.479054609,-1.105607726
722,-1.024995558,1.373446883,-1.024995558
723,-0.642164906,0.348451325,-0.642164906
724,-0.193177014,-0.293713581,-0.193177014
725,-0.184182834,-0.486890595,-0.184182834
726,0.652327661,-0.671073429,0.652327661
727,0.320686904,-0.018745768,0.320686904
728,1.016640156,0.301941136,1.016640156
729,0.309832997,1.318581292,0.309832997
730,-0.430880837,1.628414289,-0.430880837
731,2.509978288,1.197533452,2.509978288
732,-0.694180083,3.70751174,-0.694180083
733,-0.614042939,3.013331657,-0.614042939
734,-0.977957339,2.399288718,-0.977957339
735,0.779800323,1.421331379,0.779800323
736,-0.654572636,2.201131702,-0.654572636
737,0.384743379,1.546559066,0.384743379
738,0.969242083,1.931302445,0.969242083
739,-2.643907937,2.900544528,-2.643907937
740,0.509901992,0.256636591,0.509901992
741,-1.437815514,0.766538583,-1.437815514
742,1.121434912,-0.671276931,1.121434912
743,0.666581613,0.450157981,0.666581613
744,-0.181682282,1.116739594,-0.181682282
745,0.870071518,0.935057312,0.870071518
746,-1.034623914,1.80512883,-1.034623914
747,0.269654454,0.770504916,0.269654454
748,-0.047116686,1.04015937,-0.047116686
749,-0.059147253,0.993042684,-0.059147253
750,-0.344385872,0.933895431,-0.344385872
751,-0.05189478,0.589509559,-0.05189478
752,0.030104562,0.537614779,0.030104562
753,-0.839145121,0.567719341,-0.839145121
754,1.293538709,-0.27142578,1.293538709
755,-0.556352474,1.022112929,-0.556352474
756,0.13614361,0.465760455,0.13614361
757,1.440537113,0.601904065,1.440537113
758,1.672853799,2.042441178,1.672853799
759,-1.429137129,3.715294977,-1.429137129
760,-1.009409934,2.286157848,-1.009409934
761,-0.242229644,1.276747914,-0.242229644
762,-0.500451435,1.03451827,-0.500451435
763,-1.348409426,0.534066835,-1.348409426
764,-0.650319559,-0.814342591,-0.650319559
765,1.387739118,-1.46466215,1.387739118
766,-0.978339518,-0.076923032,-0.978339518
767,0.858347388,-1.05526255,0.858347388
768,0.166264776,-0.196915162,0.166264776
769,-0.545371477,-0.030650386,-0.545371477
770,1.237664302,-0.576021863,1.237664302
771,-1.792463029,0.661642439,-1.792463029
772,0.573955956,-1.13082059,0.573955956
773,-0.259336442,-0.556864634,-0.259336442
774,-1.029491109,-0.816201076,-1.029491109
775,-0.19727741,-1.845692185,-0.19727741
776,-0.584529893,-2.042969595,-0.584529893
777,0.581913719,-2.627499488,0.581913719
778,-1.108017674,-2.045585769,-1.108017674
779,-1.174687712,-3.153603443,-1.174687712
780,-0.444517872,-4.328291155,-0.444517872
781,-0.132528673,-4.772809027,-0.132528673
782,-0.70485837,-4.9053377,-0.70485837
783,0.263596774,-5.61019607,0.263596774
784,1.055192883,-5.346599296,1.055192883
785,-0.628994809,-4.291406413,-0.628994809
786,0.36662124,-4.920401222,0.36662124
787,-1.385472689,-4.553779982,-1.385472689
788,0.942433023,-5.939252671,0.942433023
789,-0.579740188,-4.996819648,-0.579740188
790,1.345640219,-5.576559836,1.345640219
791,-0.851138629,-4.230919617,-0.851138629
792,0.644445652,-5.082058246,0.644445652
793,-0.16378933,-4.437612594,-0.16378933
794,-1.027746204,-4.601401924,-1.027746204
795,0.748279075,-5.629148128,0.748279075
796,0.64754989,-4.880869053,0.64754989
797,-0.18348924,-4.233319163,-0.18348924
798,1.366711453,-4.416808403,1.366711453
799,0.070126895,-3.05009695,0.070126895
800,0.254734191,-2.979970055,0.254734191
801,0.826287546,-2.725235864,0.826287546
802,0.375815091,-1.898948318,0.375815091
803,0.346636512,-1.523133227,0.346636512
804,0.491285303,-1.176496715,0.491285303
805,1.147766375,-0.685211412,1.147766375
806,1.367679721,0.462554963,1.367679721
807,-0.219247248,1.830234684,-0.219247248
808,0.943626183,1.610987436,0.943626183
809,1.676842861,2.554613619,1.676842861
810,0.821485417,4.23145648,0.821485417
811,-1.525031157,5.052941897,-1.525031157
812,-0.521954494,3.52791074,-0.521954494
813,0.115707357,3.005956246,0.115707357
814,-0.577335722,3.121663603,-0.577335722
815,0.644715895,2.544327881,0.644715895
816,-0.545826104,3.189043776,-0.545826104
817,0.070116969,2.643217672,0.070116969
818,-1.187971461,2.713334641,-1.187971461
819,-1.881287262,1.52536318,-1.881287262
820,-0.305894015,-0.355924082,-0.305894015
821,0.204430841,-0.661818097,0.204430841
822,0.558520546,-0.457387256,0.558520546
823,2.050875857,0.10113329,2.050875857
824,0.003751506,2.152009147,0.003751506
825,0.132862152,2.155760653,0.132862152
826,0.228266134,2.288622805,0.228266134
827,-2.498963862,2.516888939,-2.498963862
828,-0.079120877,0.017925077,-0.079120877
829,-0.406664989,-0.0611958,-0.406664989
830,0.276906145,-0.467860789,0.276906145
831,0.689515967,-0.190954644,0.689515967
832,0.853200123,0.498561323,0.853200123
833,-0.290781364,1.351761446,-0.290781364
834,0.558007848,1.060980082,0.558007848
835,1.859569536,1.61898793,1.859569536
836,0.6928228,3.478557466,0.6928228
837,-0.126107497,4.171380266,-0.126107497
838,0.63989037,4.045272769,0.63989037
839,-0.31288634,4.685163139,-0.31288634
840,0.780722832,4.372276799,0.780722832
841,0.430296104,5.152999631,0.430296104
842,0.186201137,5.583295735,0.186201137
843,-2.179258584,5.769496872,-2.179258584
844,0.067401336,3.590238288,0.067401336
845,0.321127571,3.657639624,0.321127571
846,-1.090043937,3.978767195,-1.090043937
847,1.363784803,2.888723258,1.363784803
848,0.915707162,4.252508061,0.915707162
849,-0.123053524,5.168215223,-0.123053524
850,-1.990606839,5.045161699,-1.990606839
851,0.677390369,3.05455486,0.677390369
852,-0.567885169,3.731945229,-0.567885169
853,0.117452568,3.16406006,0.117452568
854,-0.245640756,3.281512628,-0.245640756
855,-1.593768782,3.035871872,-1.593768782
856,-0.671514429,1.44210309,-0.671514429
857,0.834107916,0.770588661,0.834107916
858,-0.880870377,1.604696577,-0.880870377
859,0.035686901,0.7238262,0.035686901
860,0.477177509,0.759513101,0.477177509
861,-0.015105109,1.23669061,-0.015105109
862,-0.023248806,1.221585501,-0.023248806
863,-0.799034601,1.198336695,-0.799034601
864,-0.244580275,0.399302094,-0.244580275
865,-0.73782155,0.154721819,-0.73782155
866,-0.562889126,-0.583099731,-0.562889126
867,-1.139632353,-1.145988857,-1.139632353
868,-0.155142532,-2.28562121,-0.155142532
869,-0.526858112,-2.440763742,-0.526858112
870,-1.92095405,-2.967621854,-1.92095405
871,0.886511548,-4.888575904,0.886511548
872,0.21304497,-4.002064356,0.21304497
873,0.761378779,-3.789019386,0.761378779
874,1.493147482,-3.027640607,1.493147482
875,-0.441684555,-1.534493125,-0.441684555
876,1.223299736,-1.97617768,1.223299736
877,1.31502767,-0.752877944,1.31502767
878,0.683497472,0.562149726,0.683497472
879,-0.97977239,1.245647198,-0.97977239
880,0.737032608,0.265874808,0.737032608
881,-1.630441243,1.002907416,-1.630441243
882,-0.364326378,-0.627533827,-0.364326378
883,1.911062527,-0.991860205,1.911062527
884,0.118513669,0.919202322,0.118513669
885,-1.278805692,1.037715991,-1.278805692
886,2.134376953,-0.241089701,2.134376953
887,1.062071011,1.893287252,1.062071011
888,0.131880258,2.955358263,0.131880258
889,-0.723419896,3.087238521,-0.723419896
890,1.411628123,2.363818625,1.411628123
891,0.76432813,3.775446748,0.76432813
892,1.661026367,4.539774878,1.661026367
893,0.71458079,6.200801245,0.71458079
894,-0.149734974,6.915382035,-0.149734974
895,1.419508655,6.765647061,1.419508655
896,0.336834863,8.185155716,0.336834863
897,-1.406793011,8.521990579,-1.406793011
898,2.872985058,7.115197568,2.872985058
899,0.843861562,9.988182626,0.843861562
900,-0.213898718,10.83204419,-0.213898718
901,-0.046579994,10.61814547,-0.046579994
902,-1.143711054,10.57156548,-1.143711054
903,0.032243136,9.427854422,0.032243136
904,-1.247518499,9.460097558,-1.247518499
905,-1.936276669,8.212579059,-1.936276669
906,0.425426846,6.27630239,0.425426846
907,-0.274559074,6.701729236,-0.274559074
908,0.104334726,6.427170162,0.104334726
909,1.148870473,6.531504888,1.148870473
910,0.837518037,7.680375361,0.837518037
911,-0.984007282,8.517893398,-0.984007282
912,1.562402239,7.533886116,1.562402239
913,-1.30130401,9.096288355,-1.30130401
914,1.236501417,7.794984345,1.236501417
915,1.257707169,9.031485762,1.257707169
916,1.719394843,10.28919293,1.719394843
917,0.056076193,12.00858777,0.056076193
918,2.11721097,12.06466397,2.11721097
919,0.581389853,14.18187494,0.581389853
920,-0.907109003,14.76326479,-0.907109003
921,-1.770790796,13.85615579,-1.770790796
922,-1.920757778,12.08536499,-1.920757778
923,0.861307413,10.16460721,0.861307413
924,0.365857091,11.02591463,0.365857091
925,0.529356132,11.39177172,0.529356132
926,0.364713956,11.92112785,0.364713956
927,-2.391888696,12.28584181,-2.391888696
928,1.349797655,9.893953109,1.349797655
929,0.993622076,11.24375076,0.993622076
930,-0.547946566,12.23737284,-0.547946566
931,1.153938258,11.68942627,1.153938258
932,0.456996466,12.84336453,0.456996466
933,-0.052218374,13.300361,-0.052218374
934,-0.230601174,13.24814262,-0.230601174
935,0.16218785,13.01754145,0.16218785
936,0.952134112,13.1797293,0.952134112
937,-1.555817867,14.13186341,-1.555817867
938,0.19988836,12.57604555,0.19988836
939,-0.9955424,12.77593391,-0.9955424
940,0.263757813,11.78039151,0.263757813
941,0.031067816,12.04414932,0.031067816
942,0.921734844,12.07521713,0.921734844
943,-0.031879318,12.99695198,-0.031879318
944,-0.872080834,12.96507266,-0.872080834
945,1.515764313,12.09299183,1.515764313
946,2.004899553,13.60875614,2.004899553
947,0.763564912,15.61365569,0.763564912
948,-1.060097028,16.3772206,-1.060097028
949,1.018037013,15.31712358,1.018037013
950,-0.452618956,16.33516059,-0.452618956
951,0.105652586,15.88254163,0.105652586
952,0.178672478,15.98819422,0.178672478
953,-0.938886014,16.1668667,-0.938886014
954,0.480908713,15.22798068,0.480908713
955,-0.129569842,15.7088894,-0.129569842
956,0.056850726,15.57931955,0.056850726
957,-0.05982508,15.63617028,-0.05982508
958,0.774187513,15.5763452,0.774187513
959,0.403587936,16.35053271,0.403587936
960,-0.504375764,16.75412065,-0.504375764
961,0.817065798,16.24974489,0.817065798
962,0.894116758,17.06681068,0.894116758
963,-1.581199026,17.96092744,-1.581199026
964,1.183293289,16.37972842,1.183293289
965,-0.208609221,17.5630217,-0.208609221
966,1.418003186,17.35441248,1.418003186
967,0.389016193,18.77241567,0.389016193
968,-0.515974847,19.16143186,-0.515974847
969,1.150116309,18.64545702,1.150116309
970,1.548047898,19.79557332,1.548047898
971,0.824457953,21.34362122,0.824457953
972,-0.268009406,22.16807918,-0.268009406
973,0.846720285,21.90006977,0.846720285
974,0.122405858,22.74679005,0.122405858
975,-0.480838754,22.86919591,-0.480838754
976,-0.458761424,22.38835716,-0.458761424
977,1.262542411,21.92959573,1.262542411
978,-0.435909841,23.19213815,-0.435909841
979,-0.360876049,22.7562283,-0.360876049
980,0.538230732,22.39535226,0.538230732
981,-0.11632829,22.93358299,-0.11632829
982,-1.503945316,22.8172547,-1.503945316
983,0.376117085,21.31330938,0.376117085
984,-1.868673407,21.68942647,-1.868673407
985,-1.73038624,19.82075306,-1.73038624
986,-0.242120281,18.09036682,-0.242120281
987,-3.364250008,17.84824654,-3.364250008
988,-1.207590489,14.48399653,-1.207590489
989,0.132561449,13.27640604,0.132561449
990,1.358877143,13.40896749,1.358877143
991,-1.031284859,14.76784463,-1.031284859
992,0.282616044,13.73655977,0.282616044
993,-1.098292775,14.01917582,-1.098292775
994,-1.185294212,12.92088304,-1.185294212
995,0.080014303,11.73558883,0.080014303
996,0.558465672,11.81560313,0.558465672
997,2.532692982,12.37406881,2.532692982
998,-1.190771561,14.90676179,-1.190771561
999,0.039665082,13.71599023,0.039665082
1000,,13.75565531,
